,track_id,track_uri,track_name,artist_uri,artist_name,track_popularity
0,7fnlGpqyZ8KPATE5HXHrke,spotify:track:7fnlGpqyZ8KPATE5HXHrke,Tu nombre es una puerta por cerrar,spotify:artist:1PpnPBZxWGm65wR6oS5Phy,Parquesvr,26
1,7LWvckYxoIoPb1QW6OnrEb,spotify:track:7LWvckYxoIoPb1QW6OnrEb,Vino el Amor,spotify:artist:2f1pksYZS7c56itOgksEeE,Venturi,23
2,5NvqDMHAL38UTfNQFizEWm,spotify:track:5NvqDMHAL38UTfNQFizEWm,Adelante,spotify:artist:5Ed1kJRHN0Uj0BhGbRNutV,levitants,18
3,1pAYBMrUtPnCBexIsA7yag,spotify:track:1pAYBMrUtPnCBexIsA7yag,Danza de la muerte,spotify:artist:2zfICaZaVlooSb1GFh6ZiP,LA MILAGROSA,28
4,0vF9TaEJHO0Zm1ejF7AGC0,spotify:track:0vF9TaEJHO0Zm1ejF7AGC0,Yo pensaba que me había tocado Dios,spotify:artist:1jRwxa8eTgXDOhOlbRFFFy,Barry B,55
5,3Idd0RLLacT6ZRcM4Aj0KP,spotify:track:3Idd0RLLacT6ZRcM4Aj0KP,Deconstrucción,spotify:artist:2nQcWlLWvXPTX34Ysqr2A2,Havalina,14
6,6FUFVQrn1RvyydcLsL4xdJ,spotify:track:6FUFVQrn1RvyydcLsL4xdJ,Hamburguesas,spotify:artist:2BVE7Pqd8kxv9xEsuvoJoE,Carolina Durante,45
7,1LGZYAqFUZli9lE8ZkAGvp,spotify:track:1LGZYAqFUZli9lE8ZkAGvp,Si Piensas en Mí,spotify:artist:5vnfKgHNYLnKeuFA6c2jJO,Mujeres,16
8,61qYmqAXyKU0wjgIwxOMUL,spotify:track:61qYmqAXyKU0wjgIwxOMUL,Mi fábrica de baile Rock,spotify:artist:34SgyDEDqVlahIQRDttgCn,Joe Crepúsculo,24
9,2Czaw41IWZLz5JxwLueamL,spotify:track:2Czaw41IWZLz5JxwLueamL,La Torre Picasso,spotify:artist:2Wwiu1wnq1W8AMYbWuRFDH,Arde Bogotá,63
10,5OC8qeRYNbU03Qnthifu0n,spotify:track:5OC8qeRYNbU03Qnthifu0n,arghHhh!,spotify:artist:1DiDa1DfTjldKJQeonyP33,shego,47
11,4LQXK92qiThKntANgxd9Yz,spotify:track:4LQXK92qiThKntANgxd9Yz,A la Mierda,spotify:artist:0mk9dVJMJF4fanFzeZo6K1,Aiko el grupo,35
12,5KEZKJjqy5ZTnjgXlUyrAl,spotify:track:5KEZKJjqy5ZTnjgXlUyrAl,Matanza En El Hotel,spotify:artist:5Vv5llyiK1nlME2UNDzPBB,Ultraligera,44
13,54f5xQWeTgoZ9T28xS3no1,spotify:track:54f5xQWeTgoZ9T28xS3no1,Apuntando a tu sien,spotify:artist:5IFjdKpLNCRPCRxdeXlFY9,Mi Capitán,16
14,5SqHFepXDGG1IHvlkhQc8q,spotify:track:5SqHFepXDGG1IHvlkhQc8q,Vampiros,spotify:artist:5bZw7KsPssYA9vjHvHgFVu,Vacaciones Permanentes,18
15,6bwh3lirkVVXAeGDSmAY6q,spotify:track:6bwh3lirkVVXAeGDSmAY6q,Ya Estoy Mayor,spotify:artist:4o7LzHKShbYcK8fAV1hjrg,Kings of the Beach,22
16,6ou443eT6aXOCxcX9Jrnee,spotify:track:6ou443eT6aXOCxcX9Jrnee,La Vida Cañón,spotify:artist:7raVfIwIqNjj5OGBbBQNDR,Alcalá Norte,49
17,5FMnqUbLGqWi0Y12MCVYSN,spotify:track:5FMnqUbLGqWi0Y12MCVYSN,Al Amanecer,spotify:artist:3aqVNqgYvDz8VF5n6nJBDD,Jordana B.,30
18,6pXDM2hIRST00HzhiZ92UD,spotify:track:6pXDM2hIRST00HzhiZ92UD,Cruz y Sed,spotify:artist:5XHVcSAgMdrDfxw4WwsZB0,Los Acebos,20
19,1QJguXsnk8xBaGNA4ScnRA,spotify:track:1QJguXsnk8xBaGNA4ScnRA,Mercerías las justas,spotify:artist:5ahvDss0AH60cd2AWqoU1r,Las Petunias,22
20,777fBnjDxkxeQCM9pOkTBd,spotify:track:777fBnjDxkxeQCM9pOkTBd,Mañana No Existe,spotify:artist:2FN1YrHU65dhPZKl3GD7Vd,Sexy Zebras,44
21,3PqSJZ6C0M8Cn7CAJBYaz7,spotify:track:3PqSJZ6C0M8Cn7CAJBYaz7,Pronto,spotify:artist:15o4xwiKZWJ6jOFp9LeP24,Repion,28
22,6h0YQ6hAfOgpEz32vij8DI,spotify:track:6h0YQ6hAfOgpEz32vij8DI,Espíritu Olímpico,spotify:artist:09un4iSHi0vAwjGBwvWiDm,Cora Yako,34
23,3P2qlbWc2nC3h9ixSJTwH8,spotify:track:3P2qlbWc2nC3h9ixSJTwH8,Mírame,spotify:artist:0A6HXmQiEaRB5bY5S4Fbtc,Amor Líquido,18
24,0I8lFIqizsT49Az0ShbeFp,spotify:track:0I8lFIqizsT49Az0ShbeFp,Loros,spotify:artist:3uQgL10Dx1pMNIDfUiv8HW,Camellos,30
25,0wxl1J7P9LqVDsNJKjFMvv,spotify:track:0wxl1J7P9LqVDsNJKjFMvv,Madrid Nos Pertenece,spotify:artist:0MoEyI2ULO3fCBwXhClTTn,Biznaga,18
26,5Osj9yoWtOyfqruJeViFmG,spotify:track:5Osj9yoWtOyfqruJeViFmG,Libertad,spotify:artist:3Jyx7BnfcTeK52GYGoI3BP,Corizonas,15
27,0XYCice34pKdrfOPSByAaw,spotify:track:0XYCice34pKdrfOPSByAaw,En Forma,spotify:artist:4piFCokRN13muTud5Y2lhz,Hinds,29
28,5aOMpTOHYx1omSlIATG1XO,spotify:track:5aOMpTOHYx1omSlIATG1XO,La Persiana,spotify:artist:5MJEbh71qd0GTKQdKko3TT,Apartamentos Acapulco,16
29,2spHoHAGAQlOI3twB5QRVl,spotify:track:2spHoHAGAQlOI3twB5QRVl,Todo Irá Bien,spotify:artist:35lpWLoew70fDB1QQ7pW4I,Victorias,19
30,0HCDbkncaw8CJ4ZGXDGKX7,spotify:track:0HCDbkncaw8CJ4ZGXDGKX7,Mi vecino,spotify:artist:2up9boIYhnzyJMXtrHRc7Q,Cumpleaños Un Martes,15
31,6Y1Y3z4Uwv2oTzpEbA0q4j,spotify:track:6Y1Y3z4Uwv2oTzpEbA0q4j,El Campeón en tus ojos,spotify:artist:3lldEYxABJZKVPL9NRWcq3,Caballo Prieto Azabache,20
32,4cPz8i8j1fPJiYxu5hEzi5,spotify:track:4cPz8i8j1fPJiYxu5hEzi5,Otro año más,spotify:artist:4q9S9g5IA3WQtjeNa11obo,Impacto Vudu,13
33,0Q5Bikc6bp4mcm9PFcOZNb,spotify:track:0Q5Bikc6bp4mcm9PFcOZNb,¿Quién Quiere Más?,spotify:artist:6SShgjYwZQZ8Nx2wo5IKdd,Karavana,30
34,7y96YbNfiol51Ge5V9xGbw,spotify:track:7y96YbNfiol51Ge5V9xGbw,Maldito,spotify:artist:34UH1BNxUlj7CjvivyS5Ev,The Parrots,30
35,6opK17p2ZFqidUkLqlsCl4,spotify:track:6opK17p2ZFqidUkLqlsCl4,Patrón de las causas imposibles,spotify:artist:6u6tjnHJ5CGecNVi2Wfwx9,María Jesús Y Su Hijo,18
36,2jjAJCfs1xunbvekOZRSOI,spotify:track:2jjAJCfs1xunbvekOZRSOI,Un viento de amnesia,spotify:artist:7cXnpdXUUN67Vr3niD2dAi,Vermú,1
37,365MK5X3FgXaW7IWmNzNV5,spotify:track:365MK5X3FgXaW7IWmNzNV5,La edad que tengo,spotify:artist:6poevqCIGOy8886WKNTHkv,La Paloma,38
38,5ElpzPBKW5doywqLRbPh7O,spotify:track:5ElpzPBKW5doywqLRbPh7O,Jim Jones - Apareció el M,spotify:artist:3r32x2k0DngV8Ef8AELQzf,Tigre y Diamante,14
39,0EdGdYvp8HaQOVoacOQnMS,spotify:track:0EdGdYvp8HaQOVoacOQnMS,¡Viva!,spotify:artist:1jr0mAgIhKtTeKTZwk0HjF,Los Punsetes,41
40,0DofQePTXespQrIKQfLXuc,spotify:track:0DofQePTXespQrIKQfLXuc,Los Muertos,spotify:artist:42qSwWCF0ZJBVKtpuG1XlJ,Sugarcrush,18
41,1wjRd9NhFtwSfGRaH4VFBB,spotify:track:1wjRd9NhFtwSfGRaH4VFBB,Lo de siempre,spotify:artist:73Xp0FH6ZuSdhEcq5kcXbE,Go Cactus,12
42,5IUDQPpcD9MGMQDRDb2Fvw,spotify:track:5IUDQPpcD9MGMQDRDb2Fvw,Al Final,spotify:artist:5INts4xs8Jf1Rpnkd6Zd2Y,Muro María,17
43,1ow2OEydv1F9ljW62daTH5,spotify:track:1ow2OEydv1F9ljW62daTH5,Parkour,spotify:artist:0FDO0siwgVeDs40rqwS2mK,Kokoshca,18
44,2MA3xS8Jeyg4TRqTESwEwp,spotify:track:2MA3xS8Jeyg4TRqTESwEwp,Romance Extremo,spotify:artist:6RXmHX7FgxZz6ycoC6IgPy,Casero,27
45,5qa2qTNUc9CZdL1APiLRaH,spotify:track:5qa2qTNUc9CZdL1APiLRaH,Decidí Desaparecer,spotify:artist:0bvq2O2MrIINNOJTVuqQ32,Lisasinson,27
46,6q9RCwnXBS98HEzp33DqbY,spotify:track:6q9RCwnXBS98HEzp33DqbY,"RÁPIDO, RÁPIDO, RÁPIDO!",spotify:artist:1EVcueF5J7XTuYH0nTGJsB,Nadie Patín,33
47,06BKn2S0alWLPcLHH0pkOe,spotify:track:06BKn2S0alWLPcLHH0pkOe,p0pper,spotify:artist:6JcoLHQLRlm12My6cACmlT,Ruïnosa y las Strippers de Rahola,17
48,5sRbPtGGRrkrtJdRU1p6G3,spotify:track:5sRbPtGGRrkrtJdRU1p6G3,Medalla De Oro A La Mejor Canción de Amor,spotify:artist:7J8Jvh09QTtKZYnvChiHsp,Erin Memento,23
49,2q6kjZSeB3P9mmV3W4lOlY,spotify:track:2q6kjZSeB3P9mmV3W4lOlY,Travieso,spotify:artist:7wItEsGHPEaFKnb1iJhbmW,Niña Polaca,28
50,1QdV4SR8PhomxtxKcwJ57P,spotify:track:1QdV4SR8PhomxtxKcwJ57P,Plan de Mierda,spotify:artist:0sISeGVb8SMEQGbI9DBfov,LA ÉLITE,25
51,7q7SE54ZYLdfBvWDtaqAVL,spotify:track:7q7SE54ZYLdfBvWDtaqAVL,QUÉ CRUEL,spotify:artist:5wuBA4TiRM0CNjSXjsutn6,León Benavente,39
52,1ScPq9lDin5UfkJnbOd0M4,spotify:track:1ScPq9lDin5UfkJnbOd0M4,Sin Más,spotify:artist:6SNJAvWSF0KZJbt3T162RH,Joven Dolores,19
53,4SgXWK4j9rKd1gVk1Ul0WY,spotify:track:4SgXWK4j9rKd1gVk1Ul0WY,La matanza de Texas,spotify:artist:2pMVWkucVS130nJx59uAEa,Sidonie,35
54,1gVe7hDguYKZyeUjdyuOsK,spotify:track:1gVe7hDguYKZyeUjdyuOsK,Echo de menos a los Arctic Monkeys,spotify:artist:6q67yxb78jnAUnVXrbZBHS,Tenda,32
55,0e8H6wIJ5o7OoSMGH9I2iL,spotify:track:0e8H6wIJ5o7OoSMGH9I2iL,De aquí a un mes,spotify:artist:0t8pleD8cLadWZNfaGQIz1,Error 97,25
56,5hBJWe70D97dTK6EDdS9sP,spotify:track:5hBJWe70D97dTK6EDdS9sP,Todo por el Aire,spotify:artist:0qRG7TxJLvi9WsaaShnhSP,Corazones Eléctricos,22
57,4apfAbVAi8AtDgc77naDNq,spotify:track:4apfAbVAi8AtDgc77naDNq,Quiero Saber,spotify:artist:23NCVrnE5VJqesZBazalWN,Vicente Calderón,23
58,0Aotvy8CxQXOc8FlXEoPBt,spotify:track:0Aotvy8CxQXOc8FlXEoPBt,Perdiendo el tiempo,spotify:artist:5jTPdO06h2aTkDtHCYMAIm,Las Dianas,25
59,1v9VKI3Xikbei4lyaqzSGA,spotify:track:1v9VKI3Xikbei4lyaqzSGA,Paga y Señal,spotify:artist:42g6k1iU30Z2lDl0E2oKZR,Vecinos,18
60,0wqtlNXoCnQLD8xTCJCJf1,spotify:track:0wqtlNXoCnQLD8xTCJCJf1,Intemperie,spotify:artist:6NZGyfzzigXWOI1HvNxwhR,Noche,19
61,40O5fHVDXbesbgnNOyJdy7,spotify:track:40O5fHVDXbesbgnNOyJdy7,Rob Gordon,spotify:artist:5SqIWRE4qf5c0FmmePSGiU,Becarios,21
62,6VsaC41vcwH8AczuZZZERO,spotify:track:6VsaC41vcwH8AczuZZZERO,Calle Plata,spotify:artist:3FDCL5TTPpKM5liVuuU0f3,PELIGRO!,23
63,1aDeaDooAd79p2sdImGG4a,spotify:track:1aDeaDooAd79p2sdImGG4a,Dulce introducción al caos,spotify:artist:3bgsNtcf5d5h9jbQbohfBK,Extremoduro,56
64,4OP27AFFqUJ8de27sOIIku,spotify:track:4OP27AFFqUJ8de27sOIIku,"Hablar, Hablar, Hablar...",spotify:artist:47U0TDHIE1H5t78HNVgR0M,Los Zigarros,45
65,7J0niAY0FLzGiCVJUREl88,spotify:track:7J0niAY0FLzGiCVJUREl88,Escuela de Calor,spotify:artist:4qKJA8Cf8R44cMThP6q8KM,Radio Futura,53
66,1N3wsfRTJrzibsiMyJo4e0,spotify:track:1N3wsfRTJrzibsiMyJo4e0,Nada que perder,spotify:artist:3WQRkINylwwkw1Ya07ToRK,Robe,46
67,1eHr7GbGrNMIb01YUwLdku,spotify:track:1eHr7GbGrNMIb01YUwLdku,Camiseta de Rokanrol,spotify:artist:5ZqnEfVdEGmoPxtELhN7ai,Estopa,57
68,2utHyBwLp3ONsYUkGoWoPw,spotify:track:2utHyBwLp3ONsYUkGoWoPw,Gigante,spotify:artist:5Hsv8dUHHOdnn72q4XIVz7,Leiva,51
69,10706ilBOvqVSOAbUoxean,spotify:track:10706ilBOvqVSOAbUoxean,Aquellas Cosas Que Solíamos Hacer,spotify:artist:6pds73TcYgdgd1UOBWHRqn,Benito Kamelas,51
70,5aWREznXDTWJ046mUoT162,spotify:track:5aWREznXDTWJ046mUoT162,Cielo hermético,spotify:artist:1tZ99AnqyjgrmPwLfGU5eo,Fito y Fitipaldis,43
71,77T7LBWBGqm4HBjyKeka17,spotify:track:77T7LBWBGqm4HBjyKeka17,Trance gil chill paella,spotify:artist:6o3v1RDHCgICZ7I4y1BtJI,Los Toreros Muertos,32
72,29OKK8URiORBpRsimvzsmm,spotify:track:29OKK8URiORBpRsimvzsmm,Adiós papá,spotify:artist:1OTnb625gMBm5NsLYAdUEm,Los Ronaldos,49
73,5cjEWYDWMXlTZr8Rehu2bl,spotify:track:5cjEWYDWMXlTZr8Rehu2bl,Como un burro amarrado en la puerta del baile,spotify:artist:2jMYTBTCSNYaCYy54mLc6I,El Último De La Fila,57
74,0GQQd4DqtnNxvyi99e1Zxn,spotify:track:0GQQd4DqtnNxvyi99e1Zxn,El Último Suspiro,spotify:artist:0QyjXX8EpgTjviNMNk0dqK,Tregua,31
75,5nEbSbGi12XatVVjeoTUU8,spotify:track:5nEbSbGi12XatVVjeoTUU8,Flores de Trinchera,spotify:artist:4NMzrymQlZzpXs0LT3Arei,Rupatrupa,45
76,7BYqVvoXpQFhs4jJ0qqNZt,spotify:track:7BYqVvoXpQFhs4jJ0qqNZt,Entre dos tierras,spotify:artist:3qAPxVwIQRBuz5ImPUxpZT,Heroes Del Silencio,62
77,16taQAqrrfqCwbkbKFr2OH,spotify:track:16taQAqrrfqCwbkbKFr2OH,La luna me sabe a poco,spotify:artist:5EBH204cwRkvAWknwTAjCQ,Marea,56
78,3EPd9riN2R8Zjl6GkrxxGl,spotify:track:3EPd9riN2R8Zjl6GkrxxGl,El roce de tu cuerpo,spotify:artist:1fQt5j7DTPuAOjdbTYgWav,Platero Y Tu,53
79,24w139jhWNnuQjnlhlzLvi,spotify:track:24w139jhWNnuQjnlhlzLvi,Feo Fuerte y Formal,spotify:artist:4EM1gc21UrYHQ3eal963Xl,Loquillo Y Los Trogloditas,55
80,46Yp4JsZIh8ceg5WBqW1ZB,spotify:track:46Yp4JsZIh8ceg5WBqW1ZB,Buscando en la basura,spotify:artist:5YyScSZOuBHpoFhGvHFedc,La Fuga,53
81,3fxQJW5rLyisJB1tnbiLUK,spotify:track:3fxQJW5rLyisJB1tnbiLUK,Y Me Puse a Hablar Conmigo,spotify:artist:3pGly9FAB9GLVX1wkNTXoP,Sinkope,30
82,4chpfrjIqrOPshlDU4ZrKe,spotify:track:4chpfrjIqrOPshlDU4ZrKe,Chica de ayer,spotify:artist:1CdLG4i1rTEOsex2UE0jCH,Nacha Pop,58
83,3AR1c3Dssq51WlGGkuYJNj,spotify:track:3AR1c3Dssq51WlGGkuYJNj,El lado oscuro,spotify:artist:5B6H1Dq77AV1LZWrbNsuH5,Jarabe De Palo,68
84,7dT87SEGdcOKdDARXLcgwZ,spotify:track:7dT87SEGdcOKdDARXLcgwZ,La colisión,spotify:artist:6u2d3A39wMFGadMiZgkF8U,Bendita Calamidad,29
85,6vYVTjrP8Nd6nsdjCrabM5,spotify:track:6vYVTjrP8Nd6nsdjCrabM5,El Último Día de Nuestras Vidas,spotify:artist:3AIPhNgeF9S1Kyg9Yy3UQW,Dani Martín,61
86,44ahXdBHEvQEd65HGx2jGd,spotify:track:44ahXdBHEvQEd65HGx2jGd,Diamantes,spotify:artist:4pNlsYEjhnTIVPNZRlRx1h,Alejo,34
87,6212NqCTqhlXD1lliUMbbT,spotify:track:6212NqCTqhlXD1lliUMbbT,Amor al aire,spotify:artist:1sDUoF8qwvVEcTYv2MYwLk,MATEO ERAÑA,28
88,7tWHQ6cmZ1Li3g1OdlHWz1,spotify:track:7tWHQ6cmZ1Li3g1OdlHWz1,Rey del Glam,spotify:artist:5Fv0DQ1ZBuc2DlidtOUCZr,Loquillo,38
89,4lpA2O8BwukysKGtUyMVtn,spotify:track:4lpA2O8BwukysKGtUyMVtn,Salta!!!,spotify:artist:6stZWw6L5Sjy5m7OdUR3rO,Tequila,36
90,6u9GgwXbMs5jJlA29zGHu5,spotify:track:6u9GgwXbMs5jJlA29zGHu5,Me Quedo Contigo (Si Me Das A Elegir) - Live Baïonarena,spotify:artist:6wH6iStAh4KIaWfuhf0NYM,Manu Chao,50
91,6kNYjCKdEqYEdHAbxV5v5K,spotify:track:6kNYjCKdEqYEdHAbxV5v5K,Chiquilla,spotify:artist:5UbMQUFrcJdDstPCza7y0B,Seguridad Social,35
92,307jZeOmkkd7mKc7wgFglj,spotify:track:307jZeOmkkd7mKc7wgFglj,Cuando Brille el Sol,spotify:artist:5UYbCAN2H4Yr4f46tN5AeD,La Guardia,36
93,4UtREbGYnd1nZLckEb5y8J,spotify:track:4UtREbGYnd1nZLckEb5y8J,Carolina - En directo 2000,spotify:artist:4oVqMVHC03xnYJ7fyb1dh6,M-Clan,59
94,1p7m9H4H8s0Y7SgRm7j3ED,spotify:track:1p7m9H4H8s0Y7SgRm7j3ED,Flaca,spotify:artist:3tAICgiSR5PfYY4B8qsoAU,Andrés Calamaro,75
95,4KpD9a1NviySqJHWjwSYGq,spotify:track:4KpD9a1NviySqJHWjwSYGq,Fiesta en el Cementerio,spotify:artist:7qNftOu0DUIDh1Gd6Gy8LQ,rumbos,19
96,5YHKrFUEX8aQJRPCS1Yl9W,spotify:track:5YHKrFUEX8aQJRPCS1Yl9W,Noche Oscura (feat. Leiva),spotify:artist:3wpNKcE7grYUIRKCMpmBOb,Depedro,37
97,6KBgTCipUwiimLNCSal4FZ,spotify:track:6KBgTCipUwiimLNCSal4FZ,Te entiendo,spotify:artist:21ttsUKZ3y2Hm6nduyvbAw,Pignoise,32
98,2y7b6A4hhl3ysYlU2kztGD,spotify:track:2y7b6A4hhl3ysYlU2kztGD,El Bien,spotify:artist:57s0ep3eNSg81D7ZxiuHbC,Viva Suecia,49
99,4tzi4VV1vCTZsT4SEKQIKJ,spotify:track:4tzi4VV1vCTZsT4SEKQIKJ,Serenade,spotify:artist:5kdLOinhQnlSk4su7U6lyW,Dover,52
100,2eQLmqehSPKcpW0UK9HCJt,spotify:track:2eQLmqehSPKcpW0UK9HCJt,La Rabia,spotify:artist:7dsasgpfzLSSfVzNvNO7mW,Nikki García,14
101,42d7EvPwcbd5vCd9RC3Dae,spotify:track:42d7EvPwcbd5vCd9RC3Dae,¿Volverá?,spotify:artist:2VR9eUwDCe6jccal0ZQ5FV,Coque Malla,28
102,6RtafXemW33TLBa2y63HBO,spotify:track:6RtafXemW33TLBa2y63HBO,JUEGOS VIOLENTOS,spotify:artist:0y2duNe3eRERelKB3su9UK,Puño Dragón,31
103,2MgIaPj0sYk1XS4CjXxgAz,spotify:track:2MgIaPj0sYk1XS4CjXxgAz,A Contracorriente,spotify:artist:5RK6c1tyaKpwcDpbgCGNgj,El Canto Del Loco,33
104,0UY0JLj9kxOlgF6FHogCmX,spotify:track:0UY0JLj9kxOlgF6FHogCmX,Mala Vida,spotify:artist:6jq7GptAwkoFiunDhZYqQ2,Mano Negra,54
105,36PL1fiYUnX7pJQRY1qwVw,spotify:track:36PL1fiYUnX7pJQRY1qwVw,Bailaré sobre tu tumba,spotify:artist:3baxdZ69449O6BMd7yuYXv,Siniestro Total,46
106,0rEZBTkZP2Q3c8upkx2WPf,spotify:track:0rEZBTkZP2Q3c8upkx2WPf,Abrázame,spotify:artist:41h0P2FVHr6YTMfhjkrnhA,Doctor Deseo,37
107,4kYdaN5ECfrCPPuUUiCiTr,spotify:track:4kYdaN5ECfrCPPuUUiCiTr,Que Hace una Chica Como Tu en un Sitio Como Este,spotify:artist:5nhDsJ4yNy8BD4LbGMsb1v,Burning,40
108,0EzVGEyUB9HAXT1cQHwhqf,spotify:track:0EzVGEyUB9HAXT1cQHwhqf,El imperio contraataca,spotify:artist:6arRVLZ3vn5AXkuvp9JxbS,LOS NIKIS,47
109,2nL8UGrQoCfbZTtWfmmoqe,spotify:track:2nL8UGrQoCfbZTtWfmmoqe,En algún lugar (feat. Santi Balmes & Víctor Cabezuelo),spotify:artist:7thnnayFyJnVOAJrpe5wMC,Mikel Erentxun,39
110,7wrcBkeoO6zXglCUrmwqqy,spotify:track:7wrcBkeoO6zXglCUrmwqqy,La Selva,spotify:artist:7crFuTH6NqDsqgQFg2D69M,Mamita Papaya,28
111,1EBPP4vUNTWH27DVvV0zEh,spotify:track:1EBPP4vUNTWH27DVvV0zEh,La Hornacina,spotify:artist:6PjN4tz1EIf2KXK2ejhnBY,Los Premodernos,26
112,2r9fFdXv8faSKfuaEmWNlI,spotify:track:2r9fFdXv8faSKfuaEmWNlI,Al Otro Lado Del Atlántico - En Directo,spotify:artist:3ulrDH2Ccc1FPggTGbvxho,Querido,21
113,7JthbNMW9fMTkzn8v83Ldd,spotify:track:7JthbNMW9fMTkzn8v83Ldd,El mar y la nada,spotify:artist:7dFJ6w6OTNwVKot15V3RMx,Chencho Fernández,24
114,0NFcUhw2uKzX0zqH81tWOu,spotify:track:0NFcUhw2uKzX0zqH81tWOu,El Limite,spotify:artist:4WeIMVqCUH09dxtBsstIw3,La Frontera,52
115,4Dk3DIm5zr8bICCyTdSr9m,spotify:track:4Dk3DIm5zr8bICCyTdSr9m,Agotados de esperar el fin - 2024 Remaster,spotify:artist:2laDE3zsNJYoX7n8nF3YPJ,Ilegales,20
116,6Xueg8DmwhkU4xf0Q3xlWN,spotify:track:6Xueg8DmwhkU4xf0Q3xlWN,Sorprendente,spotify:artist:5CA8MVh6ESzTlJcsB8wcFJ,Leño,43
117,5Srks36XWpQoF47EYF7ExI,spotify:track:5Srks36XWpQoF47EYF7ExI,Rojitas,spotify:artist:5qi25oEuARj6wUbqiMSj0w,Extrechinato y Tu,51
118,2NGiLDSvs8OrETbUHzqNct,spotify:track:2NGiLDSvs8OrETbUHzqNct,Ladridos del perro mágico,spotify:artist:1iWumLWq8eGULX2Pvw7gC8,Jose Ignacio Lapido,27
119,2A3WfAbX9KHMQhewdpUiok,spotify:track:2A3WfAbX9KHMQhewdpUiok,Tu frialdad,spotify:artist:5hlBb5u8K5D8yrL8jwZ7N9,Triana,44
120,45CZzSaBBLqghpO6fuO4X3,spotify:track:45CZzSaBBLqghpO6fuO4X3,Quien lo iba a suponer,spotify:artist:1QnWFj4XbwMBRss56Jk63W,Santiago Auserón,30
121,5xEQItoulehU1apBfxqkM1,spotify:track:5xEQItoulehU1apBfxqkM1,Flojos de pantalón,spotify:artist:0P4FkbP57uc9XBnJ9aoA3N,Rosendo,47
122,0zfpsE8nDVSZd94KbHBCGN,spotify:track:0zfpsE8nDVSZd94KbHBCGN,Cómo hablar,spotify:artist:0U5P1naxYkkOsbHIGkVU9c,Revolver,28
123,5BYG5PsbPY8dYyXczRoSPX,spotify:track:5BYG5PsbPY8dYyXczRoSPX,Uróboros,spotify:artist:1kcjyRBcnuC94JVRshXjI6,Albertucho,33
124,6olopCEGYHL8U7jMRWBnJJ,spotify:track:6olopCEGYHL8U7jMRWBnJJ,Ay Que Gustito Pa' Mis Orejas,spotify:artist:3skUHmTNpFUxTZaVxgvhF7,Raimundo Amador,41
125,2CEDonzkAIXcNpXKXfcq57,spotify:track:2CEDonzkAIXcNpXKXfcq57,"Frío (con Fito y Fitipaldis, Tarque y Rosendo)",spotify:artist:5jJWnRLQeU7fe9VaDjpIWK,El Drogas,42
126,1SWpocVhAsrIzBgrkht2HD,spotify:track:1SWpocVhAsrIzBgrkht2HD,"¿Dónde estás? (feat. Bunbury, Andrés Calamaro y Loquillo)",spotify:artist:21gW1NJCe2sHZ485DBDNlb,Jaime Urrutia,42
127,2jGfKzi1RvbkAyffbDyESE,spotify:track:2jGfKzi1RvbkAyffbDyESE,Palabras Para Julia,spotify:artist:1Z3i5hUtelWqBwEA1RoWhL,Los Suaves,47
128,7hlytak131AgmPYe8JsYws,spotify:track:7hlytak131AgmPYe8JsYws,Mundo imperfecto,spotify:artist:1OxGzd3ks0V8CVWtXT1VMj,Sidecars,36
129,0FJBWXOa9tYcJCxv1YxP9H,spotify:track:0FJBWXOa9tYcJCxv1YxP9H,En Blanco Y Negro,spotify:artist:5llr3wJl6JrJoHSJAR804R,Barricada,42
130,0L35y8Hfp1GdXXl2LRB6fA,spotify:track:0L35y8Hfp1GdXXl2LRB6fA,El perro de Alcibíades,spotify:artist:13JJKrUewC1CJYmIDXQNoH,El Cuarteto De Nos,56
131,6vxMc5SYWEGgytAujpabyO,spotify:track:6vxMc5SYWEGgytAujpabyO,Rojo,spotify:artist:11mqrDSFRRz8g0Wb3syJj5,Panteon Rococo,47
132,4xiurhZRjGKfLErLidLtAc,spotify:track:4xiurhZRjGKfLErLidLtAc,Cada Noche,spotify:artist:0Y93RnnfowqScS5INK5EUi,Alfredo Piedrafita,31
133,2memhAP82Fcy1IoZ5oTNkU,spotify:track:2memhAP82Fcy1IoZ5oTNkU,Noches Dulces,spotify:artist:1JYd1ixkJMTMLZ64Byk2uj,Jacinto,40
134,5Nnn6KwDT912ogweLzNoBh,spotify:track:5Nnn6KwDT912ogweLzNoBh,El oeste de la ley,spotify:artist:3Znu3IpegNZzamLA9vRsE0,El Niño de la Hipoteca,28
135,0iJYSSQkLUr1fIR4NLN1xy,spotify:track:0iJYSSQkLUr1fIR4NLN1xy,Que pode saír mal,spotify:artist:6529KpSlnP8S0kXhx7ayBb,Muchachito Bombo Infierno,29
136,2TAj0MwQafWPv3uEV7dvmu,spotify:track:2TAj0MwQafWPv3uEV7dvmu,La Lengua,spotify:artist:5xwNWlB2SB0yzaAQOgcysm,Riesgo de Contagio,29
137,7LbYvN7RsxZzzmsYQaILwT,spotify:track:7LbYvN7RsxZzzmsYQaILwT,¿Qué Pasa?,spotify:artist:05zc3wphPHwr407CCUbSk9,Carlos Neda,20
138,45MFIpclaR5WgvjhgCgqOA,spotify:track:45MFIpclaR5WgvjhgCgqOA,SUPERFICIAL,spotify:artist:3S4muLLIYiYK4P9ApjyLbY,Majo Rivas,42
139,31eu3LrKlJgM3oyD86k3mQ,spotify:track:31eu3LrKlJgM3oyD86k3mQ,Zapatillas con luces de color - acústico,spotify:artist:47hetBUhKhfBmk8nXeriqN,Planeta No,26
140,5Rh4YmBEMgQgHFX5HQGK1G,spotify:track:5Rh4YmBEMgQgHFX5HQGK1G,Mimbre,spotify:artist:4TidDyz02XtlA9d32j1ZYK,Sebastián Teysera,28
141,3Zwe5wj6AYSXPOmPwPuUEj,spotify:track:3Zwe5wj6AYSXPOmPwPuUEj,ME VA A MATAR,spotify:artist:0T63uYYYnOxOXV7bDF0K0G,Migrant Motel,14
142,6kHJesJlHqZVwSLhOtuiQv,spotify:track:6kHJesJlHqZVwSLhOtuiQv,Se Van A Topar,spotify:artist:5KGNQQzk32VSQv9If4X7A6,Ladrones,34
143,6q7N79IG2RG5kt3kO2jQAh,spotify:track:6q7N79IG2RG5kt3kO2jQAh,Veneno,spotify:artist:46p5O2p6Qi9L0RPB55gzak,Pedro y el Lobo,24
144,0u2PJnayBtXvA0aJVOLFNh,spotify:track:0u2PJnayBtXvA0aJVOLFNh,Susy - Remasterizada,spotify:artist:0IdBNIZmMIhMIUk8lfIuY4,Rebel'd Punk,15
145,5BYufcS9nQr1qtzzgLjc69,spotify:track:5BYufcS9nQr1qtzzgLjc69,NO SÉ PK,spotify:artist:4OjT4aZHr6PZH2K2P6uK4j,Éxtasis,28
146,6YYhdzZmiuR7TwZKTMyEOY,spotify:track:6YYhdzZmiuR7TwZKTMyEOY,Música d e s a s t r e,spotify:artist:0U2KuJLptIL0uYTheNq4k7,La Bande-Son Imaginaire,29
147,5AR1ItWPKnxWdSduGYhvMw,spotify:track:5AR1ItWPKnxWdSduGYhvMw,El Monstruo,spotify:artist:7fmqc78do1eu7j750fkiPO,La Sombra del Grajo,17
148,3CNfNwWRnHv0AC9KEJzBDZ,spotify:track:3CNfNwWRnHv0AC9KEJzBDZ,Alteridad,spotify:artist:1F4oynmQhLxXhdS4J2z9MH,Sureste,24
149,78INCh0IZzEjubLUTYBWjs,spotify:track:78INCh0IZzEjubLUTYBWjs,Usted y Su Ambición,spotify:artist:3PTY4xpIpcilnbUlLc5hgm,Los Santos Dumont,24
150,3eLBqMeWFMs3mkJM1mP135,spotify:track:3eLBqMeWFMs3mkJM1mP135,En Peligro Estás,spotify:artist:205zSqF4seFuqDGmmQEMad,Sakatumba,24
151,1xwEdlLgO0hORdlazOzLOr,spotify:track:1xwEdlLgO0hORdlazOzLOr,Millones de días,spotify:artist:5LuE4v1MFy7hynf3safSE2,Los Mundos,16
152,0NeQY4wc4fCGkRUMPuA3wM,spotify:track:0NeQY4wc4fCGkRUMPuA3wM,Términos y Condiciones,spotify:artist:6SOoncS0Wc2j36swbwzSWt,el diablo de shanghai,27
153,0A1BThsp9dNz1s5gdCddmv,spotify:track:0A1BThsp9dNz1s5gdCddmv,Venus,spotify:artist:3lLKxv9sE05lDe7VnXgUAo,Tølva,25
154,3Syzg1YcZtlafx4hTtNrLu,spotify:track:3Syzg1YcZtlafx4hTtNrLu,47 segundos,spotify:artist:4Mbv7MoBUcLBWCuGBCxRf1,Pinpilinpussies,15
155,6szO2g1OLR46cYpzFuEfic,spotify:track:6szO2g1OLR46cYpzFuEfic,Tamagotchi Antisistema - Parte II,spotify:artist:5RMGElrEO6UepEfrrn0Qg4,Chaqueta de Chándal,16
156,3Om1ilzayuhIOlXYzswN7r,spotify:track:3Om1ilzayuhIOlXYzswN7r,Dancing While You Cry,spotify:artist:59fCxPVa9fMT7J9JdbflyG,New Wave Kill,20
157,6rzH9MLXGniXc1oAd2kaTS,spotify:track:6rzH9MLXGniXc1oAd2kaTS,Reímos,spotify:artist:5EhRCRB67Xe2Wo9xUk41p5,Elys Cöttet,14
158,5w4pPQbuBmMPGil1gwIOtX,spotify:track:5w4pPQbuBmMPGil1gwIOtX,Sed de Acción,spotify:artist:2pbO2XyPJGWz2s0OZeD4pR,RENEE,54
159,2upHYVNdcEuk7pnTPsPfDN,spotify:track:2upHYVNdcEuk7pnTPsPfDN,La Novedad,spotify:artist:2XNJ1dXD5AjaHZTSM7qPlH,Margarita Siempre Viva,44
160,1KUM4xjiOvx5u9bySqbWsp,spotify:track:1KUM4xjiOvx5u9bySqbWsp,Por no bailar contigo,spotify:artist:0CVOcYvRcSvOXyuR4YGKaC,Dani Fernández,57
161,2tunprqnsQiGMmzZh2Lq5q,spotify:track:2tunprqnsQiGMmzZh2Lq5q,Viernes,spotify:artist:32lMy5o72ghZijsNvPOeUf,Camiseta 22,41
162,2AGqxfO9ntcFchP948COjf,spotify:track:2AGqxfO9ntcFchP948COjf,Reina del Carnaval,spotify:artist:7IwYwKG6VacXOThKHvPgUc,Los Amantes De Lola,34
163,31w2sr0vNDvNWsNW6cf4zG,spotify:track:31w2sr0vNDvNWsNW6cf4zG,Cora,spotify:artist:3vKxuOGRkXJWpCZPf01Nj8,Hello Seahorse!,45
164,1pkgeGfCOJr94hrQHE5C7Y,spotify:track:1pkgeGfCOJr94hrQHE5C7Y,The Last Ninja,spotify:artist:0UZq6vAHrwGgctvxTzzxYm,Tokyo Ska Paradise Orchestra,27
165,3gMjLlyj7e6mMUdTmGuDNP,spotify:track:3gMjLlyj7e6mMUdTmGuDNP,Hazme Sentir - Remaster 2024,spotify:artist:5x0koyeJkLR4odx4gCD5lR,Austin TV,28
166,0YMI7i8V5BpVJPnuZMDzhB,spotify:track:0YMI7i8V5BpVJPnuZMDzhB,Cenzontles,spotify:artist:1FtiJnQyLN1nHqWz6ALjyh,El Toed,32
167,2pXZPQm9oWForOgkbUQRg5,spotify:track:2pXZPQm9oWForOgkbUQRg5,Brother,spotify:artist:4j5N6CLoWuY6yv1NOzFLyn,Flycatcher,37
168,23T2c9QnEWy9PvkeDLhHRS,spotify:track:23T2c9QnEWy9PvkeDLhHRS,I'm With The Band (feat. Beck),spotify:artist:7mnBLXK823vNxN3UWB7Gfz,The Black Keys,57
169,6eUWC6rP8Rcd9TfpjCbEJG,spotify:track:6eUWC6rP8Rcd9TfpjCbEJG,All I Ever Am,spotify:artist:7bu3H8JO7d0UbMoVzbo70s,The Cure,64
170,20xfgpCbTJBDjrTFh916Av,spotify:track:20xfgpCbTJBDjrTFh916Av,Your House,spotify:artist:6lyMYewq2SuTFIXgiv7OxH,Inhaler,58
171,7oZn1w8pspTBu7Bps6WRfj,spotify:track:7oZn1w8pspTBu7Bps6WRfj,ONE NATION,spotify:artist:3bfSaJqEYosPcdoCN06G3P,Pinkshift,38
172,3FeKBTZ7knSCHkQSmHjPQu,spotify:track:3FeKBTZ7knSCHkQSmHjPQu,I Loved Everyone,spotify:artist:3xdggitmc1vFAChxAwhIIL,Superbloom,35
173,2MFdVzNvUHTmrORjmBnycc,spotify:track:2MFdVzNvUHTmrORjmBnycc,Supercollider,spotify:artist:1GDjwZ2zwNZizuNJPmH3mE,Quicksand,32
174,2ZdqMML5cHLInZe5TgScPR,spotify:track:2ZdqMML5cHLInZe5TgScPR,Blow Up the Spot,spotify:artist:0vLOlcZV1lvUZEawqLrXez,Heart to Gold,34
175,1h0YsYLA7gMlfnR51VDYg3,spotify:track:1h0YsYLA7gMlfnR51VDYg3,Choke,spotify:artist:7uskWkK7rsdbMgE2wDU22Y,Leaving Time,35
176,14rjxUlB3cztgcCXWOYg4j,spotify:track:14rjxUlB3cztgcCXWOYg4j,American Dream,spotify:artist:6hl5k4gLl1p3sjhHcb57t2,Circa Waves,44
177,4rWWNbsiorGPfSb7B4c8sy,spotify:track:4rWWNbsiorGPfSb7B4c8sy,I remember how your hands felt on mine,spotify:artist:3TJZG17pjOKXwx1ELKJPfm,Wisp,54
178,6leXbezOWAJVyCveOLAwuU,spotify:track:6leXbezOWAJVyCveOLAwuU,Lion Rumpus,spotify:artist:34UhPkLbtFKRq3nmfFgejG,Mogwai,43
179,02DLCwqe2a5o6n9ZfQKHuR,spotify:track:02DLCwqe2a5o6n9ZfQKHuR,Trial By Fire,spotify:artist:7EFB09NxZrMi9pGlOnuBpd,The Horrors,42
180,4nLZhCmYLNN4rAHdXomhjp,spotify:track:4nLZhCmYLNN4rAHdXomhjp,Phantom Island,spotify:artist:6XYvaoDGE0VmRt83Jss9Sn,King Gizzard & The Lizard Wizard,56
181,49p6Jr3v4lrHxoUa7XnMN5,spotify:track:49p6Jr3v4lrHxoUa7XnMN5,HAMMER,spotify:artist:6VTvaLJ9arNmKi8e1ekOwW,cleopatrick,45
182,6HUoEDzOcsT6d8mbY8CsJw,spotify:track:6HUoEDzOcsT6d8mbY8CsJw,THE DEVIL I KNOW,spotify:artist:6IOvhXyk5edbA2DVaeP9Up,Dorothy,44
183,6EjZit4QDFVBdr8FZgb0bO,spotify:track:6EjZit4QDFVBdr8FZgb0bO,Christian With A Gun,spotify:artist:6toGqzw4iivB9qwDpOAiVN,tiLLie,33
184,3XlwjE2LirLsLqU23DjWzz,spotify:track:3XlwjE2LirLsLqU23DjWzz,Cheap Tequila,spotify:artist:0sJqZPLoTiqTqXz4nxKw94,Giovannie and the Hired Guns,41
185,0l9GXpgaE7lBxl29G68Lfu,spotify:track:0l9GXpgaE7lBxl29G68Lfu,Planet Popstar,spotify:artist:1TkiNxDsrc0PgIWBrATCbe,Wishy,38
186,1YSFMW5oCJYlK7oLNd0Dz8,spotify:track:1YSFMW5oCJYlK7oLNd0Dz8,Blood Kid,spotify:artist:1BWtQmbjRgQ6YaEIizJ5Pe,Covey,29
187,3cKzR9JsCTJX2kef36ufd4,spotify:track:3cKzR9JsCTJX2kef36ufd4,Nothing To Lose,spotify:artist:4wLIbcoqmqI4WZHDiBxeCB,Sleater-Kinney,34
188,2b1RJR53wPOn3ociXFYBn6,spotify:track:2b1RJR53wPOn3ociXFYBn6,Stellar Cast,spotify:artist:6PXYvMeTixxDzYAYugMlbg,The Lathums,41
189,0vMtRJwmXQUy61OwbyJfoS,spotify:track:0vMtRJwmXQUy61OwbyJfoS,Non-Metaphorical Decolonization,spotify:artist:4Sw0SFu1fFdYXdAEVdrqnO,Mount Eerie,39
190,28ADMB8lDaq3ixjwNQOejC,spotify:track:28ADMB8lDaq3ixjwNQOejC,Under The Rug,spotify:artist:7o1TBmx7Ube5h2Czlam84O,Arcy Drive,42
191,5Y5icILNxEhDMMBT2C2eZe,spotify:track:5Y5icILNxEhDMMBT2C2eZe,Too Much,spotify:artist:6Gl4Q3ePw6HKMfIOix5QpG,Bartees Strange,33
192,7sEDFfSn2m88Clrjq8V8Sv,spotify:track:7sEDFfSn2m88Clrjq8V8Sv,City Limits,spotify:artist:1QfAgtBvfQQTNZjqSGyTEC,Coast Arcade,29
193,45dfCQFmGcGn1cNTkukKe3,spotify:track:45dfCQFmGcGn1cNTkukKe3,Eye Sore,spotify:artist:5wl4eeiKZTQ0mgm7jLoy7g,Bay Faction,33
194,6F8AEePLzzk6Zd6lxpc7Jy,spotify:track:6F8AEePLzzk6Zd6lxpc7Jy,RISPERIDONE,spotify:artist:6LxNb1YrbYYSpIFQAfxUQ1,SLOE JACK,27
195,6oL5h3MEzV1iouU0bX5SsS,spotify:track:6oL5h3MEzV1iouU0bX5SsS,Pieces of You,spotify:artist:1Gzl5Z2qCVDIYnlR1q6EjM,Carpool Tunnel,30
196,3B2EUVacB1CXnPAAK8OgSU,spotify:track:3B2EUVacB1CXnPAAK8OgSU,Core Memory Corrupt,spotify:artist:2bNIAjyL3hFCuQBQqhPN4T,Motorpsycho,32
197,3ge4mUDuQFneD2ykjguj3D,spotify:track:3ge4mUDuQFneD2ykjguj3D,Angry Cry,spotify:artist:7Atp614yT56v9XrlqZryzX,As December Falls,38
198,0MQtMtaxoXE5ybt6pOgqnw,spotify:track:0MQtMtaxoXE5ybt6pOgqnw,Hotspot,spotify:artist:1Yybte8g5co6ZQaFZdhMQH,NIGHT TRAVELER,38
199,7qsCOBgSNp8SOOV9UfHnJD,spotify:track:7qsCOBgSNp8SOOV9UfHnJD,We Could Be Heaven,spotify:artist:4WfUbvICLrqPW9rzuNGS1f,Blood Command,34
200,1o9cwnsgKXaYUplrvyxe63,spotify:track:1o9cwnsgKXaYUplrvyxe63,Drive,spotify:artist:2xOzJ4KDhvZrBLCvorstRR,The Rills,28
201,2WGz9YZ3KDBRwQ4W7L7gl8,spotify:track:2WGz9YZ3KDBRwQ4W7L7gl8,Irrational Fears,spotify:artist:2UvzehEVGcYTPKNwJSZ2kM,Have Mercy,35
202,4PQedJRYOJzawA0haqr2s9,spotify:track:4PQedJRYOJzawA0haqr2s9,Losers,spotify:artist:0YkVmTUYQdhgxE8vek7GId,Ra Ra Viper,30
203,39Lwc0RPO0H9Mx5gAQAsD3,spotify:track:39Lwc0RPO0H9Mx5gAQAsD3,Unbelonging,spotify:artist:2lP34R0Q7edlojuJrUMPnj,Cloakroom,36
204,3ryNtDrnv2DOgdQAI3EUOA,spotify:track:3ryNtDrnv2DOgdQAI3EUOA,Get Stable,spotify:artist:26hW7zYB4V3PGMPBKoBdgl,THUS LOVE,31
205,5kTRd8PbbqbrRvNqKDzpSc,spotify:track:5kTRd8PbbqbrRvNqKDzpSc,Montauk,spotify:artist:1vEqG4Bxz3YIMuDkIcvg6J,Illiterate Light,27
206,46BIkntVmeG382rIo93J3d,spotify:track:46BIkntVmeG382rIo93J3d,Magnetic,spotify:artist:3and7uje1nuMnKJczCKox9,Tunde Adebimpe,39
207,0LAlvWPXtED1fMdqIzbYmj,spotify:track:0LAlvWPXtED1fMdqIzbYmj,Fountain Of You,spotify:artist:1AcMngBo2RJdnnciklA9Cx,Peter Perrett,27
208,30xRRfyJazAo1MVFlqHziG,spotify:track:30xRRfyJazAo1MVFlqHziG,Careful What You Wish For,spotify:artist:1j2GLY97RB975mOth1nnvC,VS / U,28
209,2nlQUnSbIOZuJi96xxrSL6,spotify:track:2nlQUnSbIOZuJi96xxrSL6,Love Won’t Tear Me Away,spotify:artist:6sIMsIWHy6VE1bbB1XP7fl,Nitefire,23
210,4SzwZsoMxuuVMX2rsd10zr,spotify:track:4SzwZsoMxuuVMX2rsd10zr,Drift,spotify:artist:572WK6qt9zpRCcN7iS1NMR,happydaze,29
211,1Fu20YZ9zjaqyrGczvY8g6,spotify:track:1Fu20YZ9zjaqyrGczvY8g6,Rain,spotify:artist:5qq0OWzsawAVBlf63FPU22,SENNA,33
212,5V0IxQt4rhnbYKMkIWEiV7,spotify:track:5V0IxQt4rhnbYKMkIWEiV7,Numb the Pain,spotify:artist:0xyNjcNslA0KBWGknYMwFF,Cigarettes for Breakfast,25
213,1aXz4pPYlrcOe4FrsB4uJQ,spotify:track:1aXz4pPYlrcOe4FrsB4uJQ,So Confused,spotify:artist:6aR5mdphFiRLglU1HrrkXY,Sick-Days,26
214,7w1rxkbVyMeMwXypW5WUes,spotify:track:7w1rxkbVyMeMwXypW5WUes,Walking The Line,spotify:artist:5cg6ycryqQJewFOqeffsC0,Finding Aurora,23
215,6UuBstrUsBQiGihV4kOmpI,spotify:track:6UuBstrUsBQiGihV4kOmpI,The Trick,spotify:artist:2ni9skzfkkDP4PFuEg8nna,9Million,30
216,41lh9CV3WDJTEUuqZvxVUz,spotify:track:41lh9CV3WDJTEUuqZvxVUz,Hell Is An Ocean,spotify:artist:3hjJEnGeFseH8M7SnIZMCx,Jar of Blind Flies,23
217,2PnlsTsOTLE5jnBnNe2K0A,spotify:track:2PnlsTsOTLE5jnBnNe2K0A,The Emptiness Machine,spotify:artist:6XyY86QOPPrYVGvF9ch6wz,Linkin Park,90
218,4z4JQxp5ddY3Z8ETnaPPAK,spotify:track:4z4JQxp5ddY3Z8ETnaPPAK,Will You Love Me When I’m Dead,spotify:artist:6Z4kwq0LOaYQW2CqudoOIk,Amira Elfeky,55
219,24l3mfIPWVa645a9LEwSHx,spotify:track:24l3mfIPWVa645a9LEwSHx,YOUtopia,spotify:artist:1Ffb6ejR6Fe5IamqA5oRUF,Bring Me The Horizon,65
220,4WVcTxy8lZqrz3wp0Mp1DF,spotify:track:4WVcTxy8lZqrz3wp0Mp1DF,Dystopia,spotify:artist:7k73EtZwoPs516ZxE72KsO,ONE OK ROCK,56
221,09ttHg3ZNVgDlYBZa1ZBw0,spotify:track:09ttHg3ZNVgDlYBZa1ZBw0,Starburster,spotify:artist:3SXwqSqAoBz9WCI9PDQzY6,Fontaines D.C.,68
222,1LAlLBTGBUO0MDA8IbSysd,spotify:track:1LAlLBTGBUO0MDA8IbSysd,Overcompensate,spotify:artist:3YQKmKGau1PzlVlkL1iodx,Twenty One Pilots,68
223,6buQeGlk47QiPVoPObaZ7x,spotify:track:6buQeGlk47QiPVoPObaZ7x,Rainbow,spotify:artist:26T3LtbuGT1Fu9m0eRq5X3,Cage The Elephant,61
224,1a19jsjG2DvbN1fVJonKUU,spotify:track:1a19jsjG2DvbN1fVJonKUU,Beaches,spotify:artist:35l9BRT7MXmM8bv2WDQiyB,beabadoobee,68
225,1PEjhR1CCdINF8TyM5s8LX,spotify:track:1PEjhR1CCdINF8TyM5s8LX,That's How I'm Feeling,spotify:artist:4FZ3j1oH43e7cukCALsCwf,Jack White,58
226,2NgvsclHyE5KaOVSxJxPTu,spotify:track:2NgvsclHyE5KaOVSxJxPTu,Detroit,spotify:artist:3T55D3LMiygE9eSKFpiAye,Badflower,51
227,3rzUxFVoUazdBrFkslPmYx,spotify:track:3rzUxFVoUazdBrFkslPmYx,20/20 Vision,spotify:artist:2Hkg1gn2Hpar1sVP8adtNp,BRKN LOVE,44
228,0E0GPPvheTzleZgWckjef2,spotify:track:0E0GPPvheTzleZgWckjef2,HURT,spotify:artist:31M8EXHYtEqOqVb1X7JRVe,Dead Poet Society,53
229,03A89GAR9MPybXei4sZiYh,spotify:track:03A89GAR9MPybXei4sZiYh,Hell You Call A Dream,spotify:artist:2SmW1lFlBJn4IfBzBZDlSh,The Warning,57
230,2EKpybTASGXP5DdTA3r6aP,spotify:track:2EKpybTASGXP5DdTA3r6aP,TAKE ME IN,spotify:artist:6FBDaR13swtiWwGhX1WQsP,blink-182,60
231,2M000btuOeRwAaOdx3WeFa,spotify:track:2M000btuOeRwAaOdx3WeFa,Showbiz,spotify:artist:0hAd6zwEgt9ILuMDY1prcI,Palaye Royale,49
232,7xc0C9WHCHgoGWP53Nmlme,spotify:track:7xc0C9WHCHgoGWP53Nmlme,the cost of giving up,spotify:artist:5mlbvTfWUOfDrUIK6dkNzv,Poppy,58
233,0UYOncanPfTJVemojPksIP,spotify:track:0UYOncanPfTJVemojPksIP,Fuse,spotify:artist:6fb3I3Q54izgnOMtiZbOBA,House of Protection,47
234,6m3uTDJZzWymLsXOzlY6TD,spotify:track:6m3uTDJZzWymLsXOzlY6TD,Lonely is the Muse,spotify:artist:26VFTg2z8YR0cCuwLzESi2,Halsey,61
235,3keius8Oa84Xwul5LdvO1c,spotify:track:3keius8Oa84Xwul5LdvO1c,Hate This Song,spotify:artist:46gyXjRIvN1NL1eCB8GBxo,All Time Low,63
236,4uCDa4YimMEPVYux3C41Cl,spotify:track:4uCDa4YimMEPVYux3C41Cl,Blow It,spotify:artist:24qqDoA4BBXVnPOdHBjT54,Jack Kays,50
237,50E0Pl2yc4rycFqTH1cGRD,spotify:track:50E0Pl2yc4rycFqTH1cGRD,DIRTBAG,spotify:artist:6YmJPuYzqe1HsJArGYcHBJ,WesGhost,57
238,4goD7afmHrKjGNLmNh3MVE,spotify:track:4goD7afmHrKjGNLmNh3MVE,Knocking At My Door,spotify:artist:4MvZhE1iuzttcoyepkpfdF,ThxSoMch,56
239,1gRK6QnBOpNtEDjYKftzTc,spotify:track:1gRK6QnBOpNtEDjYKftzTc,The Feminine Urge,spotify:artist:5SHgclK1ZpTdfdAmXW7J6s,The Last Dinner Party,63
240,1kCJ1s8wtiXF3OK3dwQIcG,spotify:track:1kCJ1s8wtiXF3OK3dwQIcG,High On My Lows,spotify:artist:3CwWzT9t3z7DARyhDIzwIG,Sawyer Hill,62
241,30AvLvLFOVvu5vjFLtdCHq,spotify:track:30AvLvLFOVvu5vjFLtdCHq,High In Low Places,spotify:artist:7I3bkknknQkIiatWiupQgD,Beach Weather,55
242,3AeJxiUEE7wOYKjYt7M7X2,spotify:track:3AeJxiUEE7wOYKjYt7M7X2,Jerkin',spotify:artist:3NqV2DJoAWsjl787bWaHW7,Amyl and The Sniffers,52
243,3sbdqZVzWv5amY4iQXqo8Y,spotify:track:3sbdqZVzWv5amY4iQXqo8Y,Warm Beers,spotify:artist:0zmxCsd8aIJHfNC95gdT2i,ALEXSUCKS,42
244,7GimqRFqc3xzsJfutIxqMh,spotify:track:7GimqRFqc3xzsJfutIxqMh,Life Is A Movie,spotify:artist:1W4itxt3vwhmrgLEBuVHJ6,Vundabar,45
245,55Hlg31EQDXQn71p1KIr8r,spotify:track:55Hlg31EQDXQn71p1KIr8r,Clueless,spotify:artist:2vnB6tuQMaQpORiRdvXF9H,Beach Bunny,54
246,6xaMXvpkmVow1RAinlthUT,spotify:track:6xaMXvpkmVow1RAinlthUT,Shadow in the Sun,spotify:artist:3pIwImfumJioKb0zHHP61x,Joe P,48
247,7uHpXA3rYfs1EqFHogCwDj,spotify:track:7uHpXA3rYfs1EqFHogCwDj,All In My Head,spotify:artist:13dTrWNNrnZ3AkgNyQNKP5,The Linda Lindas,46
248,4MtX9BNNoXfeRxacZPSeUT,spotify:track:4MtX9BNNoXfeRxacZPSeUT,BAD DREAM,spotify:artist:0NIPkIjTV8mB795yEIiPYL,Wallows,56
249,6KZRKGq6hj18WkbgXxcRcZ,spotify:track:6KZRKGq6hj18WkbgXxcRcZ,Arizona,spotify:artist:41pd7r1XBRsvdxY3vHEgib,Wunderhorse,43
250,0P25VNpeP4L3NMOEMI68Yp,spotify:track:0P25VNpeP4L3NMOEMI68Yp,Tiny Screens,spotify:artist:43R8Umt7qVmJCcOZGWJy24,Chloe Slater,46
251,7LCwtDqZNJfi3sfQd1sk2Z,spotify:track:7LCwtDqZNJfi3sfQd1sk2Z,High Beaming,spotify:artist:3SGLeWc7J5Ve0CinAOrb3a,Skegss,45
252,0Hn1hbGgYUltMyYGfDnJBL,spotify:track:0Hn1hbGgYUltMyYGfDnJBL,What's Fair,spotify:artist:7qrEXiLLnWkkYHhadZ1Oij,Blondshell,46
253,60m6nJnTF7AFOztDSmYqMh,spotify:track:60m6nJnTF7AFOztDSmYqMh,Living A Lie,spotify:artist:7243txmysJ4KbRmH8UAMKO,The Amazons,46
254,63Kd061yhHz1K6UEztFmJ5,spotify:track:63Kd061yhHz1K6UEztFmJ5,Ohio All The Time,spotify:artist:5Wj0an60VgRckYV9zlDe1e,Momma,43
255,1DbeTcnfS7kLnHhVsRlvqg,spotify:track:1DbeTcnfS7kLnHhVsRlvqg,"Always, Everytime",spotify:artist:458aS6ALc3QkzwfR5USt34,The Wrecks,54
256,3J9fDdirND6efE3VMFROGp,spotify:track:3J9fDdirND6efE3VMFROGp,Driver,spotify:artist:4wXchxfTTggLtzkoUhO86Q,Soccer Mommy,49
257,7Jc79lucvYoqo3YA44EG8f,spotify:track:7Jc79lucvYoqo3YA44EG8f,Takes One To Know One,spotify:artist:6ws5XBA70XgeBpnLZhQBoy,The Beaches,56
258,4MZkA1wOfqYclYkQt7MUEd,spotify:track:4MZkA1wOfqYclYkQt7MUEd,Vienna (Everything’s Fine),spotify:artist:5ZVQRC3rtUNBJVrrrSl17r,Vienna Vienna,46
259,7pme6B95kKItToxKNCGIY8,spotify:track:7pme6B95kKItToxKNCGIY8,Sad In Carolina,spotify:artist:72sOBVpZpUwHq7i0vb26lT,Dexter and The Moonrocks,49
260,70yMk0UK1BTtPvhqcSXvnF,spotify:track:70yMk0UK1BTtPvhqcSXvnF,the garden,spotify:artist:515JoZzxBrdm0TxOhHa2n2,unpeople,44
261,67CrKLE8d3Qhm4gcltiKs1,spotify:track:67CrKLE8d3Qhm4gcltiKs1,Gift Horse,spotify:artist:75mafsNqNE1WSEVxIKuY5C,IDLES,53
262,12wkU3vVGrvQzp4wQcL3mL,spotify:track:12wkU3vVGrvQzp4wQcL3mL,Machines,spotify:artist:2uRjuSX3CCVJO0KBA518XG,L.S. Dunes,43
263,72KK2zfWDMXDwHk2WEUUCv,spotify:track:72KK2zfWDMXDwHk2WEUUCv,You Hear Yes,spotify:artist:7KeN0XX71T4fGysIYLB5J5,Destroy Boys,42
264,5JK1baqYwbfNQaLkwaLEdX,spotify:track:5JK1baqYwbfNQaLkwaLEdX,Where Blue Light Blooms,spotify:artist:0cmSXx965Hnm6fP42oW6vY,Origami Angel,44
265,7GdF52qhqJGoNNmPl8Lx2A,spotify:track:7GdF52qhqJGoNNmPl8Lx2A,Straight To Heart,spotify:artist:4FNR2qdCVKGAep4alfgt25,ALT BLK ERA,46
266,62camXiL7evu87vDZ7EKSH,spotify:track:62camXiL7evu87vDZ7EKSH,Special,spotify:artist:6hW33nVHPElaXuG2hQ0QOp,Scowl,50
267,0dxFFSES71lDNKn56jrrQp,spotify:track:0dxFFSES71lDNKn56jrrQp,Mirror Mirror,spotify:artist:6FO0bkcJ4D8MJ1REvBRhNT,chokecherry,37
268,1EqavzBokG9fKmRfK6VJGp,spotify:track:1EqavzBokG9fKmRfK6VJGp,Running,spotify:artist:4DLjEphXbW7qIhX4iwmNEe,Fat Dog,41
269,0oHuN77kxHehaK8nbudk0U,spotify:track:0oHuN77kxHehaK8nbudk0U,We Were Never Alive,spotify:artist:3sB1RV3IE5yCyMbl01FzBN,Brigitte Calls Me Baby,25
270,5libQaNWi39sL1255ivVwK,spotify:track:5libQaNWi39sL1255ivVwK,Guided Tour,spotify:artist:4Gmrt82h2vjGjnp67SG5Nw,High Vis,42
271,5VizV1ual1LIaf30Fx2yBD,spotify:track:5VizV1ual1LIaf30Fx2yBD,catalogue,spotify:artist:3VNzWLePg9jTvQ2ximYOzW,julie,49
272,1IQx5nJcdso6KsMloQSWza,spotify:track:1IQx5nJcdso6KsMloQSWza,Pumpkin,spotify:artist:3ep1YmatQ8L9UKCGYiJNBh,Been Stellar,34
273,7qstwlAVvc8l9e0dcMneKn,spotify:track:7qstwlAVvc8l9e0dcMneKn,Teach Me To Be Bad,spotify:artist:1xVcjJ5YsYOClO2Unt3Rm8,Sunflower Bean,34
274,2kIDECuRDbagrRqLOY3Mnm,spotify:track:2kIDECuRDbagrRqLOY3Mnm,Kinky,spotify:artist:04PoYcw0Zcevr7MQC0kzUM,bby,53
275,4tgikaa2iJTVUreVxW2Us6,spotify:track:4tgikaa2iJTVUreVxW2Us6,Heaven,spotify:artist:0DoNSZa1R1DV69oY1djlbf,Culture Wars,52
276,6bu97rYhlHjuEAq3KbmtR9,spotify:track:6bu97rYhlHjuEAq3KbmtR9,Glasgow,spotify:artist:0wOej91SVqB1zcYkW6xUtA,Pale Waves,41
277,7C05XnRPiQeuHUjxvFdzSI,spotify:track:7C05XnRPiQeuHUjxvFdzSI,Go Fly Away,spotify:artist:79wCmFlJs2qglR5n4UHMoq,The Velveteers,38
278,6tv37DbWSLe4Rik7CeYzOT,spotify:track:6tv37DbWSLe4Rik7CeYzOT,Dull (feat. Softcult),spotify:artist:3KrgUUwoRQ6OQp4IOmqnSF,Teen Jesus and the Jean Teasers,36
279,7sWKIQsoW2dlKMNobxXoXp,spotify:track:7sWKIQsoW2dlKMNobxXoXp,Nothing Like,spotify:artist:33yje3hgpNfdXpqdJQcrt9,Mannequin Pussy,45
280,3qWKi2INlCjt8WmrMqyuFv,spotify:track:3qWKi2INlCjt8WmrMqyuFv,Floods,spotify:artist:2a5z6KAJm5HFFgMGUDeMVz,Telescreens,31
281,2YL1nqQAZbiJFey1mwVCXu,spotify:track:2YL1nqQAZbiJFey1mwVCXu,Under My Skin,spotify:artist:1yz8XixOiIJJ9IxjbnfYV6,NewDad,52
282,05EqkaNF2149cACYq1bQSI,spotify:track:05EqkaNF2149cACYq1bQSI,ONE TULIP//,spotify:artist:5ObBtv5VunwwhQaXXnUrsM,KennyHoopla,40
283,0lPwT1JHuNFeXtIV6i6Eg2,spotify:track:0lPwT1JHuNFeXtIV6i6Eg2,Goodbye For Now (feat. Julien Baker),spotify:artist:16QCJENzcdhwka9bTKYMVB,Touché Amoré,47
284,6kPUaajgvBhYzPaOZvJu40,spotify:track:6kPUaajgvBhYzPaOZvJu40,Thought You Were Waving,spotify:artist:4us4NMG5wuqdUZvthZrj0Q,Militarie Gun,44
285,32KlXs8UNZCZJeOtAcCfbc,spotify:track:32KlXs8UNZCZJeOtAcCfbc,BRAINDEAF,spotify:artist:1jnyf6lf0zcETB79xWnHF4,Taipei Houston,35
286,1CcInJMJvGVozu3AaDKTz6,spotify:track:1CcInJMJvGVozu3AaDKTz6,The Boss,spotify:artist:0KheksMhWogVV4frHAihPJ,Man/Woman/Chainsaw,31
287,3CCYvwjeUJqM29jdM7c6Qa,spotify:track:3CCYvwjeUJqM29jdM7c6Qa,Fade Away,spotify:artist:1Tq0nryXkwLARcHDMIZbY6,Girl Tones,32
288,4fVNq2mSVupgHjcrVySEEx,spotify:track:4fVNq2mSVupgHjcrVySEEx,Company Culture,spotify:artist:6VR4TJ20WGiho2xZWMuuWb,Lambrini Girls,41
289,4JYfUVBWV21iLNNRqcXpvD,spotify:track:4JYfUVBWV21iLNNRqcXpvD,Replace It All,spotify:artist:2wMknlekLTOb4vRWn61NO5,The Backfires,37
290,3YX4BJ5pijLueth2TDT0Du,spotify:track:3YX4BJ5pijLueth2TDT0Du,Panic Attack,spotify:artist:0VmYiMeoVRP5bSkfBs0PSR,Certainly So,30
291,2z32Yu9L8Chw5Q0hnE9l9F,spotify:track:2z32Yu9L8Chw5Q0hnE9l9F,Use Me Too,spotify:artist:6B7x4EysPMAo1fj4FSFrEJ,Social Animals,37
292,56U1pIituJfEkU0impIpYA,spotify:track:56U1pIituJfEkU0impIpYA,Pretty Girls,spotify:artist:0IJZjR1tj2EudGR8jvxZtM,Honeyglaze,37
293,6UCtr0AtfQz1F911AFgbI6,spotify:track:6UCtr0AtfQz1F911AFgbI6,in my blood,spotify:artist:1ugmCkxd2MSyvkVA9puoff,SWEET SPINE,40
294,0ktKSUk92UVhsz7IRYyuO6,spotify:track:0ktKSUk92UVhsz7IRYyuO6,Lovesick,spotify:artist:6USZzPyoOOFd3eusDLYt9X,Niis,13
295,0iVyBRoFmD8aK7kncgegtN,spotify:track:0iVyBRoFmD8aK7kncgegtN,You Want It You Got It,spotify:artist:0sBN7TbbFmFYH29xxa6VGA,Bike Routes,27
296,6zu0jIQCdJhX4YhkAYz2HF,spotify:track:6zu0jIQCdJhX4YhkAYz2HF,Weigh Down On Me,spotify:artist:2pe1uLYghU4lj6Fe6qq8k6,Dazy,20
297,0Rxnkj7djKjYBIB9OvnGU5,spotify:track:0Rxnkj7djKjYBIB9OvnGU5,Little Splinters,spotify:artist:5foQBLMKT1paX8PAI12iH8,Ok Cowgirl,29
298,14cTaKkjwvw9nZFk7DC1UX,spotify:track:14cTaKkjwvw9nZFk7DC1UX,Adoringly Drunk,spotify:artist:6ArhcOX0zzUe8GDzLTgBrK,The Criticals,40
299,7nPwhOarrHj4VICEw9t805,spotify:track:7nPwhOarrHj4VICEw9t805,Honey,spotify:artist:4CbghtwTo6bvxk5QacvRrE,Girl Scout,34
300,5c6TTVidKogBvEoZLOo4xC,spotify:track:5c6TTVidKogBvEoZLOo4xC,Tell You All The Time,spotify:artist:6rbA09kzdZICoLg7sWbkGd,A. Swayze & The Ghosts,37
301,1lb8y5ayNhqmoyDMULKPhn,spotify:track:1lb8y5ayNhqmoyDMULKPhn,Body,spotify:artist:1GUxDXleGCxG9ibsZjASo6,Kynsy,23
302,5guP9C0A2BkgOIO31P0XpY,spotify:track:5guP9C0A2BkgOIO31P0XpY,Laminate The Sky,spotify:artist:6M9etLgzbkyne0y9cvxGAG,OMBIIGIZI,13
303,09r3Mi2FFYLm02f544hi8f,spotify:track:09r3Mi2FFYLm02f544hi8f,Star,spotify:artist:6AxlwzQp9748SDpdoSjqQa,Jawdropped,10
304,2q7DmMeGKPyEKqR8RvRvu8,spotify:track:2q7DmMeGKPyEKqR8RvRvu8,For The Weekend,spotify:artist:2szFgPvkzJHtlrmuVdhSBP,Peter Xan,30
305,5DyWv22uBarGeTDh8Hji0a,spotify:track:5DyWv22uBarGeTDh8Hji0a,feeL,spotify:artist:76YHUJWHU2wgGBZjIg3itT,dye,37
306,4o6xvp0vmdHMeS4Z5qeRQw,spotify:track:4o6xvp0vmdHMeS4Z5qeRQw,in your head,spotify:artist:1QXwIgp7aA3JT7WIyaAcur,cloudyfield,59
307,56SCt4J5VjQ5aFjIilwKda,spotify:track:56SCt4J5VjQ5aFjIilwKda,Bad Vibrations,spotify:artist:6ilTnouFQzuDsvGY1jamfF,Fai Laci,21
308,3Kc48KnKB0EQKaplpW2qYV,spotify:track:3Kc48KnKB0EQKaplpW2qYV,Don't Try To Talk,spotify:artist:5G1xjxkXFx4zouU8Mr9Ua6,Le Shiv,37
309,5eSsvk6nelxQoMYu6tLEM5,spotify:track:5eSsvk6nelxQoMYu6tLEM5,Spells,spotify:artist:5wk7sY8GIg5ihSI09EbWeS,Freak Slug,45
310,2enLfak71vN7GIyWGB8mRB,spotify:track:2enLfak71vN7GIyWGB8mRB,Dancing On Your Grave,spotify:artist:28erIPSPyu1d4BtolxQ624,LOSER,27
311,5h8EGfF4j1az4GNCAgQBkF,spotify:track:5h8EGfF4j1az4GNCAgQBkF,Crushing Me,spotify:artist:2nwoELT7b1GI21sww1pRwd,Footballhead,30
312,6GsXN6OCNWR3GaDoNQTmwW,spotify:track:6GsXN6OCNWR3GaDoNQTmwW,Spectre,spotify:artist:7mhFqGccO5U4pn90mix9S1,trauma ray,33
313,5Nk0fgUhD5DwwjCjN7erYh,spotify:track:5Nk0fgUhD5DwwjCjN7erYh,Top Of The Bill,spotify:artist:0bPAi2zCrxUrPBREWdetZ5,Gurriers,30
314,5On63WZYDvgFsRA5jPTEo9,spotify:track:5On63WZYDvgFsRA5jPTEo9,0%,spotify:artist:6kgB8Ix1GHS4t8OWmsMDGn,Hello Mary,30
315,2dMNciITsFnBIb78bMRIoy,spotify:track:2dMNciITsFnBIb78bMRIoy,Outta My Head,spotify:artist:3d93jQ6vfQHLJSMbjr7o6M,Bad Moves,22
316,7alzCFTJF8Z6pKjuIXHc30,spotify:track:7alzCFTJF8Z6pKjuIXHc30,Passes Me By,spotify:artist:62vfQ1IiuwsEwyqPWiAsWF,Public Opinion,16
317,0bAGgOU0w2gKhEqmdeKWKe,spotify:track:0bAGgOU0w2gKhEqmdeKWKe,Hey Kekulé,spotify:artist:1JvNkFtciI17H6uQrKIGbs,Font,26
318,6JgPxzHvyvK6tmGms32AIR,spotify:track:6JgPxzHvyvK6tmGms32AIR,Cool Moderator,spotify:artist:0WKHQ3a24pKDB991wqLjMU,Gut Health,16
319,3g0QrOr4LLK5b5P41AN3oF,spotify:track:3g0QrOr4LLK5b5P41AN3oF,Been Better,spotify:artist:2rEzca2bMYnIxSyQQRvT3D,Coal Bed,0
320,2SxUIKMDtPWB3af3P8zHnl,spotify:track:2SxUIKMDtPWB3af3P8zHnl,Plus One,spotify:artist:2dbSR7CwWSGsMkuKVITKRc,total tommy,30
321,6MmhdrCkQt8hL78DiY2Q6m,spotify:track:6MmhdrCkQt8hL78DiY2Q6m,Soonish...,spotify:artist:51ymXnZGhf6Z4OcNXPviZC,Dummy,32
322,21opIkXGXrbI2Q53uYGyc0,spotify:track:21opIkXGXrbI2Q53uYGyc0,purepurepure,spotify:artist:3BGUNVzuoQ79pOjLxJsZZg,Her New Knife,33
323,4bglPi25DUa37NuYw2N06U,spotify:track:4bglPi25DUa37NuYw2N06U,Let You Go,spotify:artist:3RthMq3xfDQZl80cMEg1JQ,Finish Ticket,24
324,3HX21L7lVBGv9uj27dY5XM,spotify:track:3HX21L7lVBGv9uj27dY5XM,Bonehead,spotify:artist:5UdQDFQ3wgUPuL5kiL7KqU,Frankie and the Witch Fingers,35
325,2zACFMPGtBiPFEctPsu556,spotify:track:2zACFMPGtBiPFEctPsu556,Bianca,spotify:artist:26lkYo9suieohq7ZCsxSYY,massie99,11
326,351TRYuSxdSyiStrTtq97p,spotify:track:351TRYuSxdSyiStrTtq97p,Under The Table,spotify:artist:6ZHfuZhV3q15jxpOY8S1m6,Balancing Act,38
327,0rNPQbISdNPMIu29r3aawf,spotify:track:0rNPQbISdNPMIu29r3aawf,Get It,spotify:artist:0qmHQLCyJrgGFtqLDSRHJ4,Cardinals,34
328,3Y6nnH4zYeJFNGRhSEq8Mx,spotify:track:3Y6nnH4zYeJFNGRhSEq8Mx,Will You Do Me A Kindness,spotify:artist:4u2LxHDBsFDH3J9NumXSCH,Merce Lemon,26
329,6qNQ4XoJfwUhoP0zXoksrj,spotify:track:6qNQ4XoJfwUhoP0zXoksrj,Taxi,spotify:artist:6wmTznuYHk73RoBXkYEBnV,Onsloow,18
330,7xW9JjKq1cl6ZBq8tTkeWA,spotify:track:7xW9JjKq1cl6ZBq8tTkeWA,Sleeping Dogs,spotify:artist:5MHpGdn6o4ezeRsrN14wZk,Twine,29
331,3TrnJe4PR4xRtrY6vElta3,spotify:track:3TrnJe4PR4xRtrY6vElta3,Later,spotify:artist:1dwirHaSjsKJUYDHgvl2op,GIFT,23
332,6s55DkhxntRC9G4CXfSzgK,spotify:track:6s55DkhxntRC9G4CXfSzgK,Grinning William,spotify:artist:60XRtGmul45VSNNKt9mZhp,Blood Wizard,27
333,1oXnJpmWXNKEXqXoXTPASi,spotify:track:1oXnJpmWXNKEXqXoXTPASi,My New Shirt,spotify:artist:5IkIh9jpyGZL3JFMAbVykP,My Wonderful Boyfriend,17
334,7dsvLaJd4wjCfVB8wjYb5H,spotify:track:7dsvLaJd4wjCfVB8wjYb5H,Humanitarian Pt. II,spotify:artist:38sXpZuO83ogEnlGr3zC90,Seafoam Walls,11
335,6oV7SNTekPwmIyho3AUuTO,spotify:track:6oV7SNTekPwmIyho3AUuTO,Nvr Rlly Hnst,spotify:artist:6vPSxVLbEaRxT85jaKGr0M,The Meringues,20
336,2pVWLDdttDpDIy64nYJomQ,spotify:track:2pVWLDdttDpDIy64nYJomQ,Blunt Force Trauma,spotify:artist:7i72Wvqr5DciVNV1pMHPkU,Baby Schillaci,22
337,5Hbsyi33p4eptpcTAqNHm8,spotify:track:5Hbsyi33p4eptpcTAqNHm8,Hourglass,spotify:artist:1oK8ZGSUkLNP1WADzLSJe4,Celebrity Sighting,18
338,1nrRFHurbF6jhinVdptcrz,spotify:track:1nrRFHurbF6jhinVdptcrz,In A Dream,spotify:artist:7sLtFQOS2kTEnMPTFLFU1t,Trace Mountains,21
339,1Qxo4KrJ8Hf5bmoTf2SNBK,spotify:track:1Qxo4KrJ8Hf5bmoTf2SNBK,Free,spotify:artist:54N4voTBO17fp6dEegF4qa,Ben Seretan,18
340,6c6dE6XT63hIE230PeujbC,spotify:track:6c6dE6XT63hIE230PeujbC,Lawn Chair,spotify:artist:3sXsp1NdreMl6Pa5Lf20qz,Parrotfish,23
341,4Z3GFOVnHd0Ivqqi4m0kP1,spotify:track:4Z3GFOVnHd0Ivqqi4m0kP1,GET OUT OF BED,spotify:artist:2cQgX3pb2k7rgJG4rxNfid,Carver Jones,18
342,1aAYShm16G1hLvlEArQjwx,spotify:track:1aAYShm16G1hLvlEArQjwx,Fade Away,spotify:artist:5As4J0NBaerSYQNuKgVuXi,Drift,28
343,6SycyjxsiRV81zsQBE4hxb,spotify:track:6SycyjxsiRV81zsQBE4hxb,Grasping At Straws,spotify:artist:2JMweZxR2xGs9rcfzktB5k,Wicked Lights,25
344,2eD0yvsZSOWtYEUJwRNbD2,spotify:track:2eD0yvsZSOWtYEUJwRNbD2,The Fighter,spotify:artist:1H5QzIYx4Bl7urDoSCMtcp,Dead Nature,20
345,2T79r0ftR0lUE2xO8jj1Ps,spotify:track:2T79r0ftR0lUE2xO8jj1Ps,City Boi,spotify:artist:2ZKmcBDtaUAUMnNbCvNdhC,Dimitri Miller,7
346,6yQXnjxPQg3L0h7tq72xDF,spotify:track:6yQXnjxPQg3L0h7tq72xDF,SAFETY NET,spotify:artist:6CzsxPxOIeXoyhmNiFmtmu,instant crush,25
347,1fba46NxYT5qPrZeQgXhjD,spotify:track:1fba46NxYT5qPrZeQgXhjD,Pinky,spotify:artist:3nw6fswvwRK1KDcsP2kW9m,DISQUIETED BY,10
348,5vZjKukbuSJbIx1NE8YoBQ,spotify:track:5vZjKukbuSJbIx1NE8YoBQ,Drag,spotify:artist:4zfEjqW6vwiVMOoZx7ZFLF,Kiss Bang,4
349,1OWftpO1HUTtwcSCE7DqRg,spotify:track:1OWftpO1HUTtwcSCE7DqRg,Where Did I Go?,spotify:artist:2RgHe4GuLjWoJmgdAOVubr,Shelf Lives,29
350,3IkOx5HHFFWUZF6U6oxTQZ,spotify:track:3IkOx5HHFFWUZF6U6oxTQZ,gone awhile,spotify:artist:0bySwTrRN75nqs2vLS00zn,buffchick,21
351,3DHFIPhCdWCjNROaOSuTyI,spotify:track:3DHFIPhCdWCjNROaOSuTyI,My Own Dead,spotify:artist:5D8NXuzLwBMIZuL8o6U8q3,Black Ends,20
352,7s7LcS7GeWvb2srh6P16C4,spotify:track:7s7LcS7GeWvb2srh6P16C4,In Quotations,spotify:artist:1SbUXI8T8XPfiKewzGUCML,alltheprettythings,23
353,1ZTV0DR29Kw0ImAHnIHe5W,spotify:track:1ZTV0DR29Kw0ImAHnIHe5W,BLEED BUT NEVER DIE,spotify:artist:0NhKCHTPG7Sz62S3zxV1Cf,Ecca Vandal,43
354,6556dVFzfiI5MK1lb2PH5t,spotify:track:6556dVFzfiI5MK1lb2PH5t,Strawberry,spotify:artist:4nljEo4gnUFgczxjNt5KOR,Equal Idiots,34
355,6JauEacOM5Y1ojqaR7ELEr,spotify:track:6JauEacOM5Y1ojqaR7ELEr,Tappin Into Magic,spotify:artist:78DoiOUHouyEPI7aNgqkkm,Surf Trash,25
356,6KakH2WZYsLPFKHuGIRVi0,spotify:track:6KakH2WZYsLPFKHuGIRVi0,Slow Motion,spotify:artist:3xc0dLvxU2nAYefEJdDVBw,Never Ending Fall,24
357,7cyos5YJBVUVdydIrIqz2r,spotify:track:7cyos5YJBVUVdydIrIqz2r,Rusty Cutter,spotify:artist:5uL8BYKyfiVy6s3Q3cNYHG,Wax Head,18
358,5SkVjGbfcaVqkAgDSqIvtp,spotify:track:5SkVjGbfcaVqkAgDSqIvtp,black leather boots,spotify:artist:2a0XmIPRGETkR80Ec8FIa7,Pleasing,13
359,30t4tjlh78iWwgYzc8vzTK,spotify:track:30t4tjlh78iWwgYzc8vzTK,Desert Diamonds,spotify:artist:4ThDKoYYw37S6JyoWbZQSO,The Wholesome Boys,23
360,2wwuHIJu2ibOjiv0JcWgrH,spotify:track:2wwuHIJu2ibOjiv0JcWgrH,Wash Away,spotify:artist:3GkGRSWqbPXyEAdLWhwUBy,Sorry Snowman,17
361,3qRuNHXauWIh3iC48EqeAq,spotify:track:3qRuNHXauWIh3iC48EqeAq,On A Sunday,spotify:artist:5WqydVUiumpFcFgwbontTe,Holy Fool,22
362,3M1AOV25ZrXc4bLdHcDzEf,spotify:track:3M1AOV25ZrXc4bLdHcDzEf,Teething,spotify:artist:0TTADMS1RLOmf7qACoMewD,Ain't,26
363,28KY5CHb2T87dZZYnOAiaX,spotify:track:28KY5CHb2T87dZZYnOAiaX,This Town,spotify:artist:1P7CehS5wt5UNQjTsgMhRS,Maxwell Varey,30
364,6N3ZQPkfpU0V7epCMn7CPf,spotify:track:6N3ZQPkfpU0V7epCMn7CPf,Angoisse,spotify:artist:7dUKQAwqu3OZo3Sjt95K31,ALVILDA,24
365,3SM1n1nySgfmCKWRhHfAGg,spotify:track:3SM1n1nySgfmCKWRhHfAGg,A Functional Earth,spotify:artist:1Yv0Obn2mIOsryAqqXHP89,Kal Marks,15
366,4JuNh4r6aLMohxtyQd5Ksq,spotify:track:4JuNh4r6aLMohxtyQd5Ksq,What We Leave Behind,spotify:artist:0viYlscdaUskUy6oZfqm7i,Chain Cult,17
367,6Enuy83ccl5W8cWILxp2h4,spotify:track:6Enuy83ccl5W8cWILxp2h4,Intact,spotify:artist:1Jcg0RFzOa8f1VwmdWNEr5,Office Dog,28
368,0DinJHyy94gHS9BhCeNxcF,spotify:track:0DinJHyy94gHS9BhCeNxcF,Crop Circles,spotify:artist:6WP8xxDLcPKNgdQWjU3BzN,Liquid Mike,29
369,4j4XDUVeOQS4IfHkS28T08,spotify:track:4j4XDUVeOQS4IfHkS28T08,Blood Honey,spotify:artist:0QdhKd1bYPAy48bofL7c0V,Boy Bleach,21
370,6cV95Kl7vPsNOrCbRsZ9AD,spotify:track:6cV95Kl7vPsNOrCbRsZ9AD,For Your Love,spotify:artist:0Ts7cCLH53aCD2WE3PHdMn,Child Of The Parish,25
371,4YfoqHqLCtbs3CSM0J74Eq,spotify:track:4YfoqHqLCtbs3CSM0J74Eq,I Might Be Giant,spotify:artist:4coMsvF8UAoIjOnNCz6Es2,Mediocre,34
372,0bMSEu5EwW9wSQzX4uKT5Q,spotify:track:0bMSEu5EwW9wSQzX4uKT5Q,Sober/Inertia,spotify:artist:2SLlBWxyIRlpAMsiggj9OH,Bloomer,20
373,3uH6NMa2r4oHGDGebkEZfK,spotify:track:3uH6NMa2r4oHGDGebkEZfK,The Garden's Burning,spotify:artist:0ETuekbiB4yJVpe2fAMiNP,Theo Moss,17
374,7hr0WyhqQxrK3SQ9ZQxjTu,spotify:track:7hr0WyhqQxrK3SQ9ZQxjTu,Awaken,spotify:artist:5BtHciL0e0zOP7prIHn3pP,Breaking Benjamin,71
375,54f4ILCiEdfu2VuSmrXJ8Z,spotify:track:54f4ILCiEdfu2VuSmrXJ8Z,We Will Not Disband,spotify:artist:1HQjBwlj8FSHMhVaNQ4tEI,VOLA,48
376,7rqfCQ0Uw6qyztM4rKjKs0,spotify:track:7rqfCQ0Uw6qyztM4rKjKs0,What Remains,spotify:artist:1pRaG81GsVtaTBuVSpldt2,Pop Evil,48
377,5CNopDW4B3IBlspdSmvjCh,spotify:track:5CNopDW4B3IBlspdSmvjCh,Hollywood Forever,spotify:artist:0CEFCo8288kQU7mJi25s6E,Hollywood Undead,61
378,2VLXWFJpLcQvAXf4xLgilI,spotify:track:2VLXWFJpLcQvAXf4xLgilI,(Make My) Country Rock - Harder,spotify:artist:17pJAHDfdLvGuUwl2DkEgv,Cory Marks,48
379,05N2CVEkUbEd0slHLapdER,spotify:track:05N2CVEkUbEd0slHLapdER,Leave a Light On (Talk Away The Dark),spotify:artist:4RddZ3iHvSpGV4dvATac9X,Papa Roach,61
380,1TnAZhq4cp6K2I4UmHJzZ4,spotify:track:1TnAZhq4cp6K2I4UmHJzZ4,Not Afraid,spotify:artist:49bzE5vRBRIota4qeHtQM8,Skillet,54
381,4vJk5lD1Lk89jgBOk8E7zK,spotify:track:4vJk5lD1Lk89jgBOk8E7zK,"One Last Dance (From ""Venom: The Last Dance"")",spotify:artist:74NBPbyyftqJ4SpDZ4c1Ed,Tom Morello,59
382,2FMNCmWngbfBYBoUSeeKM4,spotify:track:2FMNCmWngbfBYBoUSeeKM4,Radiance,spotify:artist:55VwLwkPAOGFgYdU3QwE8Z,Seven Hours After Violet,39
383,1zz3gyupVHNCZ3tZiboxyg,spotify:track:1zz3gyupVHNCZ3tZiboxyg,Sighommi,spotify:artist:40Yq4vzPs9VNUrIBG5Jr2i,The Smashing Pumpkins,50
384,7lIeZcWnUovgdPUoZfhEdh,spotify:track:7lIeZcWnUovgdPUoZfhEdh,ATTN.,spotify:artist:6vwjIs0tbIiseJMR3pqwiL,Beartooth,58
385,2BZ3Xf6yu0KWGtdzoMuWsR,spotify:track:2BZ3Xf6yu0KWGtdzoMuWsR,A White Horse Covered In Blood,spotify:artist:3mStoA23qANDeMqHi2oqze,Better Lovers,46
386,6PKxJG1HapLGNqaKoRaIq4,spotify:track:6PKxJG1HapLGNqaKoRaIq4,Paralyzed,spotify:artist:5gznATMVO85ZcLTkE9ULU7,Lenny Kravitz,41
387,3EuAXH9UnjcejNj49VKVIs,spotify:track:3EuAXH9UnjcejNj49VKVIs,Your Master,spotify:artist:5VPCIIfZPK8KPsgz4jmOEC,The Blue Stones,49
388,2FY3V309Dc0X6VS8OWFxC9,spotify:track:2FY3V309Dc0X6VS8OWFxC9,Te'Kill'Ya,spotify:artist:7aJ0lXaVRlmeij1J0NrrFK,GXTP,50
389,0o16V4WswA4aknX8WmVDsQ,spotify:track:0o16V4WswA4aknX8WmVDsQ,Oh Well feat. Chris Stapleton,spotify:artist:4Cqia9vrAbm7ANXbJGXsTE,Slash,48
390,3EHJOZe6u7piShrCp3y7KD,spotify:track:3EHJOZe6u7piShrCp3y7KD,Afterglow,spotify:artist:5HUFo8AH9ZILmlyKFfEMNP,Jerry Cantrell,40
391,63tV7Ajy1yqmHAv5w4TR8s,spotify:track:63tV7Ajy1yqmHAv5w4TR8s,Riding Through,spotify:artist:1l9I7G8J8AnMScWQwlNJ4M,Goodbye June,40
392,4QUpenmTaYWx0HCq2zx060,spotify:track:4QUpenmTaYWx0HCq2zx060,Those Were The Days,spotify:artist:6E8FJvFB2KBbNyAWUUH155,True North,43
393,70SGUSGBpAD1FIEkmWM4PX,spotify:track:70SGUSGBpAD1FIEkmWM4PX,The Longest Kiss - Radio Edit,spotify:artist:5r1bdqzhgRoHC3YcCV6N5a,The Darkness,34
394,0QTnrvAOdpW98lSdowjwHM,spotify:track:0QTnrvAOdpW98lSdowjwHM,Horses In A Dream,spotify:artist:4WjeQi9wm84lYTIWZ95QoM,Boston Manor,35
395,6zMBklADPUiVev8tFrMHIy,spotify:track:6zMBklADPUiVev8tFrMHIy,Cancelled,spotify:artist:0cc6vw3VN8YlIcvr1v7tBL,Mötley Crüe,54
396,6JN8exConeYRUdfGkqmYfO,spotify:track:6JN8exConeYRUdfGkqmYfO,Mad Care,spotify:artist:6q4AmzK3GzCuEzkurnYuEQ,Drug Church,44
397,2rJXSza2JQaOajEZBUhQbJ,spotify:track:2rJXSza2JQaOajEZBUhQbJ,The Joke,spotify:artist:3utxjLheHaVEd9bPjQRsy8,Coheed and Cambria,42
398,5QlaYAjyS0zuoA9zGk4c3R,spotify:track:5QlaYAjyS0zuoA9zGk4c3R,FREE TO DIE,spotify:artist:6FfjnGXMhxSsJTuGLWBDth,HEALTH,48
399,6Yk9u3C8EVpyixdgXv0S6G,spotify:track:6Yk9u3C8EVpyixdgXv0S6G,Savior With A Razor (feat. Slash),spotify:artist:30TrHDLNCKQVTYWOn9QqOC,Beth Hart,47
400,7aXbppRpGAl8E4jMzN82CT,spotify:track:7aXbppRpGAl8E4jMzN82CT,You're Gonna Get It,spotify:artist:41Q0HrwWBtuUkJc7C1Rp6K,311,45
401,3yo3ZsW5OmKGEPvuScRWVL,spotify:track:3yo3ZsW5OmKGEPvuScRWVL,Love and a Smoking Gun,spotify:artist:2kO6mP0olFJGGh6kvUdNC8,Des Rocs,45
402,2pxsyhvXrWCvjXBYCOilQ4,spotify:track:2pxsyhvXrWCvjXBYCOilQ4,filthy/RIGHTEOUS (feat. Kenta Koie of Crossfaith),spotify:artist:0XGJ3GUPwslwFJ66yNbHeh,Trash Boat,42
403,6t1WBBQsSDjYuZL2TglrEN,spotify:track:6t1WBBQsSDjYuZL2TglrEN,Crack Cocaine,spotify:artist:5p5z43dPcFgT0EI7Ycf3XD,Billy Morrison,47
404,6DBHegQiBhFubLWBlpk621,spotify:track:6DBHegQiBhFubLWBlpk621,Too Loose,spotify:artist:4Ev5FYfYGBslgMqAqi2uNc,DoFlame,32
405,3dP3PfCwcvmzJlI6NUZurb,spotify:track:3dP3PfCwcvmzJlI6NUZurb,(Re)-Extract,spotify:artist:5J0ehnVK9YOBGWOwE022ar,Split Chain,43
406,11DxHa7QIQ5NfdiHstN2O2,spotify:track:11DxHa7QIQ5NfdiHstN2O2,Just Like 73 - Tom Morello Version,spotify:artist:6H1RjVyNruCmrBEWRbD0VZ,Def Leppard,38
407,6Q47FSXfau9Adh1qmFFmyb,spotify:track:6Q47FSXfau9Adh1qmFFmyb,Say What You Will,spotify:artist:2YZOQlBE1v44RxPEAVSdVR,Myles Kennedy,47
408,1IZR2yJzCjHkaxbv5rCdP8,spotify:track:1IZR2yJzCjHkaxbv5rCdP8,Belly Up,spotify:artist:53Hm23U3dtaHeB5Oy6GbaS,Return to Dust,47
409,7cY80346hpJqWsZICV8AP2,spotify:track:7cY80346hpJqWsZICV8AP2,Circle Pit,spotify:artist:1NRudBLaT84LXxfsYdFMhB,WARGASM (UK),44
410,08IpZZZPvzDMED3oq9F8Or,spotify:track:08IpZZZPvzDMED3oq9F8Or,Floods of Triton,spotify:artist:1Dvfqq39HxvCJ3GvfeIFuT,Mastodon,57
411,3DwjMFo9ph8ItBBU75owDY,spotify:track:3DwjMFo9ph8ItBBU75owDY,Justice Will Shine On,spotify:artist:0BEI7i5sgUuivcfwXLzFmM,Serj Tankian,43
412,7e1x3ozyFOOe77bdYuNg3k,spotify:track:7e1x3ozyFOOe77bdYuNg3k,Adrenaline,spotify:artist:0niJkG4tKkne3zwr7I8n9n,Finger Eleven,41
413,69rXxY0Vbo9Z2BCYfKlWdF,spotify:track:69rXxY0Vbo9Z2BCYfKlWdF,Night Terror - Radio Edit,spotify:artist:2aaLAng2L2aWD2FClzwiep,Dream Theater,52
414,50jAagbs3gaicU3gxWbkkU,spotify:track:50jAagbs3gaicU3gxWbkkU,Just Too Much,spotify:artist:44tQC1PjxXIpEgW0i8uN00,Tremonti,50
415,7GQySNHooG5azXnoLKaMzV,spotify:track:7GQySNHooG5azXnoLKaMzV,Leviathan,spotify:artist:2ifvIECHAlEgPMBuBOJ0lG,Bear McCreary,31
416,4ue8srSrurnk8sLJb7GjaO,spotify:track:4ue8srSrurnk8sLJb7GjaO,GUNGHO,spotify:artist:1844Ua6R4gOuH6GLdlR4dt,VUKOVI,42
417,2P1kNZVpnEuVBnkeozS1iU,spotify:track:2P1kNZVpnEuVBnkeozS1iU,Say My Name,spotify:artist:3X8VK5wNpLQCVEo4sWBH2A,Cassyette,46
418,4CitUujHBwAOXGowI90zYN,spotify:track:4CitUujHBwAOXGowI90zYN,Come Down,spotify:artist:4ygqEKxbe61knnDaodGFmi,Crobot,22
419,77Kj1Y4KzxeqbtSPc9M92k,spotify:track:77Kj1Y4KzxeqbtSPc9M92k,Let's Go Psycho!,spotify:artist:3VdnwWd3i9OOT0CzbzRZj7,Those Damn Crows,41
420,3AJS1eZLyHUSUFq4RU2Jan,spotify:track:3AJS1eZLyHUSUFq4RU2Jan,DESERT RAP,spotify:artist:1B0155rdv175D1tQ8VH7Oy,FEVER 333,39
421,2pidfrkxJ3gwkiEuQ3idvv,spotify:track:2pidfrkxJ3gwkiEuQ3idvv,The Gallows,spotify:artist:0zfT626RwO6zN3RDYeRit5,Black Label Society,44
422,5v01WFtEMOQZFS7LcEwILO,spotify:track:5v01WFtEMOQZFS7LcEwILO,Welcome to the Nightmare,spotify:artist:7qTUKYzO77RvL1Kxie0xUO,Dead Posey,28
423,4rpw43XrPiHKER3nSL2vZH,spotify:track:4rpw43XrPiHKER3nSL2vZH,Feedback,spotify:artist:4NiJW4q9ichVqL1aUsgGAN,A Day To Remember,53
424,7b1R3hpUwhotl1006F9t89,spotify:track:7b1R3hpUwhotl1006F9t89,High On You (feat. Nikki Sixx),spotify:artist:6CxBy6Z5KAgzapbIBkyETd,Crossbone Skully,32
425,7sfp82nSU4R52zXcJpv0DQ,spotify:track:7sfp82nSU4R52zXcJpv0DQ,MEDZ,spotify:artist:55VydwMyCuGcavwPuhutPL,The Used,39
426,4GGLOcwYvTdWq3Tfvynt7K,spotify:track:4GGLOcwYvTdWq3Tfvynt7K,Judas Mind - edit,spotify:artist:6B5c4sch27tWHAGdarpPaW,Seether,39
427,4i8U1t123TAsAgwudp0a3X,spotify:track:4i8U1t123TAsAgwudp0a3X,CRIMINAL,spotify:artist:1W2Fv4YUnjC8hx2qQd6fGh,Stand Atlantic,43
428,3fqYPxHqA3RiEk0hr4Z4zJ,spotify:track:3fqYPxHqA3RiEk0hr4Z4zJ,Way Down We Go,spotify:artist:10n5DVRlZbjbZ5ffpwpn6l,Rev Theory,34
429,3qYVgtSRgpfVwipxF52d4T,spotify:track:3qYVgtSRgpfVwipxF52d4T,Better Days (feat. Dorothy),spotify:artist:5KDIH2gF0VpelTqyQS7udb,Staind,44
430,6vQTZmFEgRfGFDZaKrGAsr,spotify:track:6vQTZmFEgRfGFDZaKrGAsr,The Hill,spotify:artist:5V5NZ8y72BgxpB6rN4XxtI,The Exies,27
431,36c3OD4InlW7CxEQO2sgIZ,spotify:track:36c3OD4InlW7CxEQO2sgIZ,Get You Some,spotify:artist:5RM955coCWa6UkFtlMapwC,Tim Montana,33
432,41uRcFai0Ta90sBnYB4OgK,spotify:track:41uRcFai0Ta90sBnYB4OgK,This Is The Way (feat. DMX),spotify:artist:5t28BP42x2axFnqOOMg3CM,Five Finger Death Punch,60
433,2Ha8NtlH4SErTpsnsAcIHx,spotify:track:2Ha8NtlH4SErTpsnsAcIHx,Heartstop,spotify:artist:0dPpBOzonBzIhl7EoLnj3D,Banks Arcade,27
434,0yaRBGoeOXAwCt6dnpUPnr,spotify:track:0yaRBGoeOXAwCt6dnpUPnr,Bad Behavior,spotify:artist:0GicbfMtwhn3Ch0PdwkADQ,Silly Goose,42
435,54fPJ9UDx68KkayeuskyAJ,spotify:track:54fPJ9UDx68KkayeuskyAJ,One Foot In The Grave,spotify:artist:0ImEDe9tW5n4pxHOK39zIc,Kittie,44
436,7I50EtrBjzjZmHwLj7BeFl,spotify:track:7I50EtrBjzjZmHwLj7BeFl,ANYTHING > HUMAN,spotify:artist:3Ri4H12KFyu98LMjSoij5V,Bad Omens,62
437,7pugmRsHRy1fnug9NqH5cA,spotify:track:7pugmRsHRy1fnug9NqH5cA,can u see me in the dark?,spotify:artist:6om12Ev5ppgoMy3OYSoech,Halestorm,61
438,2c4pzmTObTntrKyQXGf0wy,spotify:track:2c4pzmTObTntrKyQXGf0wy,Masquerade,spotify:artist:20OWAFiCJOvXwWlCBU5xHc,Freeze the Fall,26
439,652PlanA5w5iJxTr04Za8U,spotify:track:652PlanA5w5iJxTr04Za8U,Survivors Guilt,spotify:artist:3GzWhE2xadJiW8MqRKIVSK,Underoath,47
440,7dAxPlnzPAqmEVpElxItYU,spotify:track:7dAxPlnzPAqmEVpElxItYU,MOTH KIDS,spotify:artist:3vEL65ycUboLH76pgdtqlF,South Arcade,46
441,5r0b7F3MGee7IMeJxP1TKP,spotify:track:5r0b7F3MGee7IMeJxP1TKP,Rest In Pieces,spotify:artist:76ptJV8617638xrpeoUtzl,The Rasmus,47
442,4hothXhcXn6OmMXmN9A2cU,spotify:track:4hothXhcXn6OmMXmN9A2cU,2016 CAVALIERS (Ohio) (feat. Knox),spotify:artist:5Rc75vGFBWZPgL7EXb4k89,Bilmuri,39
443,4BiiGfe1QtSpsiZDvA4Pmd,spotify:track:4BiiGfe1QtSpsiZDvA4Pmd,jupiter,spotify:artist:42FzVuyJH8YbkhzWSR2n8E,almost monday,55
444,09b2bFKmoijMzZrT1l3bmT,spotify:track:09b2bFKmoijMzZrT1l3bmT,Can't Stop Talking,spotify:artist:3lDpdwM8KILepMHqBWUhIA,The Struts,47
445,1xLPJ7vHjjiNuFay8fcyn2,spotify:track:1xLPJ7vHjjiNuFay8fcyn2,SORRY,spotify:artist:2inxPY2UyH8riOrUuLklVR,Kami Kehoe,45
446,7Dj80TBihm6IoXIQbv6QkU,spotify:track:7Dj80TBihm6IoXIQbv6QkU,Wasn't Gonna Go Out,spotify:artist:4OTFxPi5CtWyj1NThDe6z5,Weathers,42
447,1IdJzfAHivOqqxrKJV7vPc,spotify:track:1IdJzfAHivOqqxrKJV7vPc,How To Hide A Body,spotify:artist:3Pj6dfWTnH3sYHctX0EZMH,Daisy Grenade,43
448,0v8Zc1htL0Z6LI0BC55Vwj,spotify:track:0v8Zc1htL0Z6LI0BC55Vwj,ATTENTION,spotify:artist:1u5SWpU4mZSziEz2hdPSWQ,Winona Fighter,37
449,1MXY6H5UDzcS9N7xr57Ncn,spotify:track:1MXY6H5UDzcS9N7xr57Ncn,If I Am,spotify:artist:5HViQsHNdOovxKa420CPGR,Friko,32
450,69ocosqOP3VkFnNMmwUG2x,spotify:track:69ocosqOP3VkFnNMmwUG2x,Dancing With My Ghost,spotify:artist:6v8pFbihIDnlV6freVYMmZ,Carpark North,28
451,0y2O2HwEenaEdHBGR32Lef,spotify:track:0y2O2HwEenaEdHBGR32Lef,Messages,spotify:artist:1yhTALwId0bpL1U1XRT3Zs,Pom Pom Squad,39
452,09gQfBVADIP3mZn7VHRASs,spotify:track:09gQfBVADIP3mZn7VHRASs,"Sad, Sad Feeling",spotify:artist:48sKVtcDwCMxPbqCzAQMbP,Blame My Youth,36
453,6538q47hdOo4SUuuaKKZ3s,spotify:track:6538q47hdOo4SUuuaKKZ3s,Learn to Say Goodbye,spotify:artist:0ZhtrY2Lt1s9klwm03lu8i,Starcrawler,32
454,3Fq1hhM7Vp98b8tPzTUFd0,spotify:track:3Fq1hhM7Vp98b8tPzTUFd0,Emotional,spotify:artist:0oL26Dn9y761yfJgNb3vfu,Michigander,37
455,1ogmejlFy4cp0KGx7aR5xK,spotify:track:1ogmejlFy4cp0KGx7aR5xK,LWA IN THE TRAILER PARK,spotify:artist:7mZgBMpvaBziYQfc9TbJH5,Benjamin Booker,35
456,6S4v4gsbOp1u5WLnwkc2ZI,spotify:track:6S4v4gsbOp1u5WLnwkc2ZI,Teenage Vampire (feat. Gatlin),spotify:artist:7nW46aJfNHxK9Y3M5Dhadk,Jack Van Cleaf,38
457,2XnbOprkhj1iz8eATZa12l,spotify:track:2XnbOprkhj1iz8eATZa12l,Disintegrate,spotify:artist:2BS3fywRW33o5GygfzZaOZ,Wild Pink,36
458,5vdLIDyjCWDzUGx71q3nOa,spotify:track:5vdLIDyjCWDzUGx71q3nOa,I Look Alive,spotify:artist:5vh3TBzvI4nASt2A1KfgcR,Phoneboy,46
459,4K6Q3zOTS6KvPcJS1jMl4Q,spotify:track:4K6Q3zOTS6KvPcJS1jMl4Q,Be OK (feat. LØLØ),spotify:artist:2rP19mjQlqtCScJ3zqLUb1,Letdown.,47
460,6kG3qEXGFZCC4OfGCRBW15,spotify:track:6kG3qEXGFZCC4OfGCRBW15,Final Nail (with Charlotte Sands),spotify:artist:1A0WloDoRE88uUwo3wensY,Taylor Acorn,49
461,1tmOC0PqokvkmDcPVt3K0r,spotify:track:1tmOC0PqokvkmDcPVt3K0r,Kept Me Alive,spotify:artist:6Xq9CIMYWK4RCrMVtfEOM0,Grayscale,41
462,4onixPTyzrU7mWmmYIDJiN,spotify:track:4onixPTyzrU7mWmmYIDJiN,The Overload,spotify:artist:2hAbK9kNETmY7FHExyadGM,Torus,28
463,4SAvheoSWHW4oAJRsEQZlj,spotify:track:4SAvheoSWHW4oAJRsEQZlj,Feast,spotify:artist:27nD8P491xX8UzG3j01eIY,SPRINTS,39
464,2q0iZAzSEPeD0YghkHYrdu,spotify:track:2q0iZAzSEPeD0YghkHYrdu,Fugitive Summer,spotify:artist:2WcCoPxAWFNSCvsFPrpf30,Japandroids,37
465,6sUdyIYXWG087E59WIUevg,spotify:track:6sUdyIYXWG087E59WIUevg,Cut Bangs,spotify:artist:0aWanrbf83QSmIRYSYdNOR,Deux Visages,33
466,2cXWUJtzAcP82C63V4WHsq,spotify:track:2cXWUJtzAcP82C63V4WHsq,Storefront Cabana,spotify:artist:2VlmDb05CPERyCZfmZI3x7,Dogpark,37
467,2TF8s1A5ncPQIREic3gwXn,spotify:track:2TF8s1A5ncPQIREic3gwXn,ain't it sweet,spotify:artist:2fgl3me4n9diODTrVfruF3,Balance And Composure,46
468,65Dlo5TaWyYwDlAQjbb7ws,spotify:track:65Dlo5TaWyYwDlAQjbb7ws,To live in a different way,spotify:artist:4qY6XGFQwZubu0oKBJeVki,Love Is Noise,32
469,1aTNZs2FoidnysQMbPo3Zo,spotify:track:1aTNZs2FoidnysQMbPo3Zo,On All Cylinders,spotify:artist:5ABfpj7Z00wfPiv2uW4MFm,Knuckle Puck,46
470,60uyVKK6KRhYK6ceJEbdjN,spotify:track:60uyVKK6KRhYK6ceJEbdjN,Counting Sheep,spotify:artist:4uOeSBqJoBz5OrxrsrTboH,Anxious,41
471,0Hmr9yk4xHoRnI2Fv4IX7S,spotify:track:0Hmr9yk4xHoRnI2Fv4IX7S,Love Drunk,spotify:artist:7DiLiJ8nji6DslsFSzx0IV,Kid Bookie,25
472,3kfqUPLJQXCjmtC83FWAx2,spotify:track:3kfqUPLJQXCjmtC83FWAx2,walls,spotify:artist:1fvH6NeNDohKGKwvRiebRA,Marlhy,30
473,17p5v3CWqagIm4jryEpnFO,spotify:track:17p5v3CWqagIm4jryEpnFO,I Don't Speak the Language,spotify:artist:3FddvE2NYrGSS0g0cMy8om,FOX ROYALE,25
474,2UE7icsfsSdhqI5IEugp6y,spotify:track:2UE7icsfsSdhqI5IEugp6y,I Don't Believe You,spotify:artist:538iX6YCTybcgzsrjDTrFi,LEAP,39
475,0qv3e08PTZ4Wq7prI3Wd1q,spotify:track:0qv3e08PTZ4Wq7prI3Wd1q,Go Fuck Myself,spotify:artist:7ufjo5jO7vQfG6Zg0QzWEJ,CARR,34
476,1YykS8hWW5fxvRBsjqJzoz,spotify:track:1YykS8hWW5fxvRBsjqJzoz,Don't Change,spotify:artist:5DaZV3qmFT3aS57df8KPkV,Spanish Love Songs,36
477,0BgznXTc2uhAWCNAkhyzi9,spotify:track:0BgznXTc2uhAWCNAkhyzi9,Suffocate City (feat. Spencer Charnas of Ice Nine Kills),spotify:artist:4iGsihTcyZ80RQFZhC8bf8,The Funeral Portrait,52
478,2p5LjvjZlMSxxwNUtDyG5x,spotify:track:2p5LjvjZlMSxxwNUtDyG5x,All My Life,spotify:artist:2CmaKO2zEGJ1NWpS1yfVGz,Falling In Reverse,64
479,7aBlXz5oLZfkpUAUQdgS0S,spotify:track:7aBlXz5oLZfkpUAUQdgS0S,Make It All Right,spotify:artist:5LfGQac0EIXyAN8aUwmNAQ,The Offspring,55
480,7DXBItTPwL8OpsbXdj58Fl,spotify:track:7DXBItTPwL8OpsbXdj58Fl,Bobby Sox,spotify:artist:7oPftvlwr6VrsViSDV7fJY,Green Day,58
481,2P8gpYwOOL37vKoDqCFXS9,spotify:track:2P8gpYwOOL37vKoDqCFXS9,ANGEL SONG (feat. David Draiman),spotify:artist:39VNwvlQTqE9SvgPjjnMpc,NOTHING MORE,50
482,1MtgVw093BemZtwbDZyHqj,spotify:track:1MtgVw093BemZtwbDZyHqj,Wish You The Best,spotify:artist:4rMxZovfLSDjEL9eI2pKo7,Rain City Drive,58
483,0llPOBVoJYDAtdmVlNE41A,spotify:track:0llPOBVoJYDAtdmVlNE41A,Liar,spotify:artist:19k8AgwwTSxeaxkOuCQEJs,Jelly Roll,70
484,35N9LmzkCjMd2ZmAATzG6U,spotify:track:35N9LmzkCjMd2ZmAATzG6U,Stuck In My Head,spotify:artist:26eBHxdouBH2KB7P6Oi9HN,Sleep Theory,63
485,7LMXRhf27EwcBQo2oLkcBa,spotify:track:7LMXRhf27EwcBQo2oLkcBa,Waiting For Stevie,spotify:artist:1w5Kfo2jwwIPruYS2UWh56,Pearl Jam,48
486,6iox0DMrowvaE2BwqJ0mnd,spotify:track:6iox0DMrowvaE2BwqJ0mnd,Dopamine,spotify:artist:0qT79UgT5tY4yudH9VfsdT,Sum 41,60
487,0cZLr41IF4Gocxfja74isP,spotify:track:0cZLr41IF4Gocxfja74isP,Happiness,spotify:artist:51Blml2LZPmy7TTiAg47vQ,U2,50
488,5KX6pJzC4bkO1QF3VGty3M,spotify:track:5KX6pJzC4bkO1QF3VGty3M,Don't Put Out The Fire,spotify:artist:0XBRd3N11rCbh0s8qHf41m,Dirty Honey,40
489,512WleoOsqH7fBTtfCUXMQ,spotify:track:512WleoOsqH7fBTtfCUXMQ,Live Without It,spotify:artist:6BMhCQJYHxxKAeqYS1p5rY,Hinder,45
490,4KgI52UdIGZC5YdMpVYAOS,spotify:track:4KgI52UdIGZC5YdMpVYAOS,PSYCHO,spotify:artist:5QNm7E7RU2m64l6Gliu8Oy,HARDY,39
491,2A1vltKnglFQrMFEUoyFSE,spotify:track:2A1vltKnglFQrMFEUoyFSE,TokSik,spotify:artist:0kD8IT1CzF7js2XKM9lLLa,STARSET,58
492,4zD1UlSWZ1YvG9pJmjVXZ8,spotify:track:4zD1UlSWZ1YvG9pJmjVXZ8,THE DAM,spotify:artist:5P5FTygHyx2G57oszR3Wot,Daughtry,53
493,1eDMcpnxaWCIBVzv9ZSR8X,spotify:track:1eDMcpnxaWCIBVzv9ZSR8X,Good In Goodbye,spotify:artist:2fqPOGxG12nEERj8YG7p22,Catch Your Breath,48
494,6nec44wvnLf92ohS4ODUfA,spotify:track:6nec44wvnLf92ohS4ODUfA,A BIT OF LIGHTNING,spotify:artist:7dZynKGWc8X8jsdH0WLuzo,FLAT BLACK,39
495,2XaZcy1CBRqfEpvy4JuJLr,spotify:track:2XaZcy1CBRqfEpvy4JuJLr,Meditations,spotify:artist:6VDdCwrBM4qQaGxoAyxyJC,Cold War Kids,49
496,304fddzE78zrBtZv42biyB,spotify:track:304fddzE78zrBtZv42biyB,The Vegas Suite,spotify:artist:6zvul52xwTWzilBZl6BUbT,Pixies,53
497,6Cg9KS7mamFAA0UYrlnLYI,spotify:track:6Cg9KS7mamFAA0UYrlnLYI,GOING PLACES,spotify:artist:7qAcXJgt1PWnxwUgxMdyuk,SICK PUPPIES,43
498,2KlAdT5Y6515sZdOPka8sA,spotify:track:2KlAdT5Y6515sZdOPka8sA,Been Here Before,spotify:artist:1cJ5tVoeAEFcZBAwSZ0CtF,The Plot In You,53
499,7KcGQ9oNG74zlRGdh9kjRv,spotify:track:7KcGQ9oNG74zlRGdh9kjRv,WORLD vs PEACE,spotify:artist:5Vp7LqcfAtx2U1RfIX8i7r,Point North,22
500,5K1xDFLtlk8PXBLt3ke5Eu,spotify:track:5K1xDFLtlk8PXBLt3ke5Eu,Chasing Shadows,spotify:artist:1V599H9vfq6hWe2hGzyzI0,Zero 9:36,44
501,4KeKMDxuBO6hlwGIJtRpxS,spotify:track:4KeKMDxuBO6hlwGIJtRpxS,Usurper,spotify:artist:4pEYvg65h3If6TKxwgzkQw,NXCRE,39
502,158lKbSQmYwxDU9rQpN11R,spotify:track:158lKbSQmYwxDU9rQpN11R,Chains (The Tower),spotify:artist:10Z7WzKMeIdNBKexi1YarP,Fame on Fire,54
503,21k6owSOcKiNOwzmq69wTn,spotify:track:21k6owSOcKiNOwzmq69wTn,Zombie (Wild Coming Out),spotify:artist:5kuJibJcwOC53s3OkoGMRA,The Revivalists,44
504,6ytItZ3KVkWze4Boa8tNP1,spotify:track:6ytItZ3KVkWze4Boa8tNP1,lightweight,spotify:artist:4lpKeKXJYkglSWyEmnOF7O,DE'WAYNE,22
505,5WFkQAuARYEAslWRkSxdke,spotify:track:5WFkQAuARYEAslWRkSxdke,Dissonance,spotify:artist:7jz1wM1NdiskFWrlosZhVw,King Isis,27
506,4AbYZMzeVqGE8Ys4wbI0PT,spotify:track:4AbYZMzeVqGE8Ys4wbI0PT,Leave Her,spotify:artist:5y8tKLUfMvliMe8IKamR32,d4vd,58
507,70nmpLYSyZ58QTUzUiB1VA,spotify:track:70nmpLYSyZ58QTUzUiB1VA,symptom of life,spotify:artist:3rWZHrfrsPBxVy692yAIxF,WILLOW,58
508,3mFFL4AvGi0t2RhZ66GtYC,spotify:track:3mFFL4AvGi0t2RhZ66GtYC,Alive!,spotify:artist:3K2Srho6NCF3o9MswGR76H,Bakar,24
509,1uQ5oCjZvQsMZaBFAdkSuF,spotify:track:1uQ5oCjZvQsMZaBFAdkSuF,alright (feat. The Kid LAROI),spotify:artist:0ynzbXwyCzxicMKHBoOkSH,EKKSTACY,61
510,4Q1sfRyQumjyWD1xX2Xnyo,spotify:track:4Q1sfRyQumjyWD1xX2Xnyo,Ice Cream (Pay Phone),spotify:artist:6eU0jV2eEZ8XTM7EmlguK6,Black Pumas,37
511,6CjJtGi2x7xiBghJ4E8YIN,spotify:track:6CjJtGi2x7xiBghJ4E8YIN,New York Transit Queen,spotify:artist:29WzbAQtDnBJF09es0uddn,Corinne Bailey Rae,28
512,2JxPgHghyuG0SKNy8htBWg,spotify:track:2JxPgHghyuG0SKNy8htBWg,Exscape,spotify:artist:5nvWOyAkfNgVLKESq4fOj2,Montell Fish,63
513,1WAjkljaKkFILaxlsGlSfh,spotify:track:1WAjkljaKkFILaxlsGlSfh,What Now,spotify:artist:4XquDVA8pkg5Lx91No1JxB,Brittany Howard,41
514,5vQZx1fJP94gDdECHuI4ZR,spotify:track:5vQZx1fJP94gDdECHuI4ZR,CONTROL BABY,spotify:artist:5iMYu8Sj8dZEDsWJxSFwPP,Jhariah,40
515,6DrrY8ardpYRyF90mzN0jF,spotify:track:6DrrY8ardpYRyF90mzN0jF,Impossible,spotify:artist:0fGcIStdT1OpFFhOC7Wp36,Teezo Touchdown,43
516,0nJbXArCCbkRflshkWQUJM,spotify:track:0nJbXArCCbkRflshkWQUJM,dumb with you,spotify:artist:1GMy1NJjIXk6bejCuYdLT9,N3WYRKLA,26
517,1jbBmjncsqWO0oa81kGrCO,spotify:track:1jbBmjncsqWO0oa81kGrCO,New Age Crisis,spotify:artist:7vNNmjV14SKQzlQAEg0BXP,Jean Dawson,37
518,4C4GC99d5OBAUtlCnsSGh7,spotify:track:4C4GC99d5OBAUtlCnsSGh7,Maktub,spotify:artist:01aC2ikO4Xgb2LUpf9JfKp,Gary Clark Jr.,37
519,6fReWEXkgRzOaLwT8fNbXb,spotify:track:6fReWEXkgRzOaLwT8fNbXb,Stay Blessed,spotify:artist:1HvH97rzvCH6lfnLlgyfke,Genesis Owusu,29
520,0eXkUXr4wJ3Orruk8S1cpW,spotify:track:0eXkUXr4wJ3Orruk8S1cpW,girls like drugs,spotify:artist:1SCrMreNPJYSRZIlRe9SUq,Paris Texas,50
521,596pY5JqwSgSqM8cA4A0rg,spotify:track:596pY5JqwSgSqM8cA4A0rg,God Is a Circle,spotify:artist:0qu422H5MOoQxGjd4IzHbS,Yves Tumor,42
522,1irb49XkVPBjDpy0pckq5M,spotify:track:1irb49XkVPBjDpy0pckq5M,Black Punk,spotify:artist:2OaHYHb2XcFPvqL3VsyPzU,Rico Nasty,31
523,2VOtwqdoceXN37vDafReh5,spotify:track:2VOtwqdoceXN37vDafReh5,Never Need Me,spotify:artist:4wrzxtBZw20ufDstKyTnnP,Rachel Chinouriri,45
524,4eWCIVuL2da2h1gJn047Et,spotify:track:4eWCIVuL2da2h1gJn047Et,Keep It Rolling,spotify:artist:3MM8mtgFzaEJsqbjZBSsHJ,Bloc Party,35
525,6tL8gSH1BWB5noSIac3uGZ,spotify:track:6tL8gSH1BWB5noSIac3uGZ,Choose Your Fighter,spotify:artist:7I95CM75shzCjHuTzrepjM,Nova Twins,35
526,5qPvBmcIscVajn1Fh3QXhO,spotify:track:5qPvBmcIscVajn1Fh3QXhO,Bound For Glory (feat. Markus Videsäter of Solence),spotify:artist:54okLCsuAzwltG8zHECNpm,Hyro The Hero,25
527,55h5xNwW8na2bHKlZUfHh7,spotify:track:55h5xNwW8na2bHKlZUfHh7,Shallow,spotify:artist:7B76SsfzG0wWk1WEvGzCmY,Magnolia Park,55
528,0sRAH3UW1W7jUo3CZq0OAH,spotify:track:0sRAH3UW1W7jUo3CZq0OAH,Thousand Lifetimes (feat. Corey Glover of Living Colour),spotify:artist:6yeRY2d7gubXoymv3DAYhS,Fire From The Gods,30
529,6gWUB6hS6SuyvaKzYAltn8,spotify:track:6gWUB6hS6SuyvaKzYAltn8,Rise,spotify:artist:1DgmdsnwOexqTH8ohPCFAU,Volumes,16
530,6HWBhda8t2Q68wg3U8T2lf,spotify:track:6HWBhda8t2Q68wg3U8T2lf,sever the blight,spotify:artist:52PdgUJOjvS6Mpmjy1SAlx,hemlocke springs,48
531,4nMFMqVM440l2mLLHqT5lj,spotify:track:4nMFMqVM440l2mLLHqT5lj,Wish You Would,spotify:artist:1xoxekeb8jUVHKJB7m6bfg,Tyler Cole,10
532,2d9UdLMMe80RNfuQcGmuIe,spotify:track:2d9UdLMMe80RNfuQcGmuIe,Hi-Fidelity,spotify:artist:271bbpX3pdCi56ZJA1jQ43,Lava La Rue,48
533,3GIfxO4nC66ctxemNbsnja,spotify:track:3GIfxO4nC66ctxemNbsnja,Kamikaze (feat. Jason Williamson),spotify:artist:4RB2kk5dmocmMiHFBlmOEt,Connie Constance,12
534,32FxL1gNFABVzfK4gK2Ate,spotify:track:32FxL1gNFABVzfK4gK2Ate,LOVE ME HATE ME,spotify:artist:72iCiKwu6nu6Qq9emIwzYv,Kayzo,18
535,6ceM12zLnXEBQ7JrF3rprq,spotify:track:6ceM12zLnXEBQ7JrF3rprq,ETA2 (feat. Paris Texas),spotify:artist:5BhFZpE8kUGZJiKOsYjLQM,Yeek,21
536,5j8B7LSCepVPnwUrNB4pXt,spotify:track:5j8B7LSCepVPnwUrNB4pXt,Kool,spotify:artist:4bzfsZhaLW6VWHLh1sqcrK,Meet Me @ The Altar,31
537,5mQCd8RqgT91gK4S9eDG1t,spotify:track:5mQCd8RqgT91gK4S9eDG1t,Blood In The Water,spotify:artist:1iEaqWaYpKo9x0OrEq7Q7z,Ayron Jones,42
538,4LAI7qgpkx8uoMdpobZrPg,spotify:track:4LAI7qgpkx8uoMdpobZrPg,Look Alive (Netic),spotify:artist:3GDw9k8FzlOUxPzDUaUhlZ,Oxymorrons,27
539,2z1tHGVkMogil6jUCbZowQ,spotify:track:2z1tHGVkMogil6jUCbZowQ,SILYMI,spotify:artist:6olAhxDEja5fYKEHF6tA2W,TeZATalks,22
540,5DNLtVGw0jGfHVDtuZHs3g,spotify:track:5DNLtVGw0jGfHVDtuZHs3g,Hunger Games,spotify:artist:6XgIk9Y6qy6JCMZVime6DQ,Bob Vylan,22
541,0E1TLWwSi8h5QvD1uqVYCR,spotify:track:0E1TLWwSi8h5QvD1uqVYCR,Direct Me,spotify:artist:1ueFyDvrq8tCjAd6x8AVxD,Tom The Mail Man,25
542,4ySch7clKEIT3h3GXDNBWR,spotify:track:4ySch7clKEIT3h3GXDNBWR,Sophie,spotify:artist:2yOJnAGg41NV4aech301xj,UCHE YARA,26
543,3mZJV1uUmapZbuPJP33Ej5,spotify:track:3mZJV1uUmapZbuPJP33Ej5,Wait and Bleed - Spotify Singles,spotify:artist:38tO9pZm2G0JjANgRFvC1a,Zulu,16
544,0RxvS6KLWG0SYqQJnhHIpM,spotify:track:0RxvS6KLWG0SYqQJnhHIpM,Tunnel Vision,spotify:artist:5ZPr0RHsR3DrAhtsYMsfHR,Jesus Piece,23
545,6fipbTytF7EemCZiutVtOl,spotify:track:6fipbTytF7EemCZiutVtOl,I See Walking Caskets,spotify:artist:7cB6KjTm98hhNE9eeyhcnF,Kamiyada+,21
546,5h9OEJVqCiHxxffA9YlQA1,spotify:track:5h9OEJVqCiHxxffA9YlQA1,Elephant,spotify:artist:1EEbOYIZFHRuGEgL39cN3s,M.A.G.S.,18
547,20Xj7F8TKGEmDbAsbVGmav,spotify:track:20Xj7F8TKGEmDbAsbVGmav,Outta My Mind,spotify:artist:10YC7gfEVGGez94KMAJoLx,chlothegod,19
548,5rWy99nNNONycsObYOMzHx,spotify:track:5rWy99nNNONycsObYOMzHx,"Clique, Boom",spotify:artist:7z29vXpa0PYA6mngEsWNXk,Dom Vallie,24
549,7smNyoh7fzczIYUOAoM4uJ,spotify:track:7smNyoh7fzczIYUOAoM4uJ,dayz gone,spotify:artist:3yYFfLWWw90qPAloqOGM7x,CLIFFDIVER,22
550,09fJxz3rLdV0eWQTRHXzdY,spotify:track:09fJxz3rLdV0eWQTRHXzdY,Big Al Dente,spotify:artist:7uBCPmZFHJzrQDlxHNsFwF,Action/Adventure,25
551,77MoMOxdBmjtIeC0oIbLoO,spotify:track:77MoMOxdBmjtIeC0oIbLoO,WHAT A MAN,spotify:artist:5lofelrRCFBwzTF616hSx4,DEBBY FRIDAY,21
552,1KaZWvFJELretod1Gk98nS,spotify:track:1KaZWvFJELretod1Gk98nS,Everyone I please hates me,spotify:artist:0HPzKByIKi4qqSgS3gc26q,JonoJono,8
553,56KHcZ1DEkj3ixRCoxOean,spotify:track:56KHcZ1DEkj3ixRCoxOean,Silence,spotify:artist:0HzRhsDxi3nyKikga3GW5r,James Mantis,28
554,516AojuldUfpp7HCk1CIA0,spotify:track:516AojuldUfpp7HCk1CIA0,Cancer Culture,spotify:artist:0nLFDUWGeYyJ88FNXnx4Xg,Post Profit,22
555,10t72oj1mOIkWNZReYjO0J,spotify:track:10t72oj1mOIkWNZReYjO0J,All Eyes On You,spotify:artist:3cMV6gZTWyfJZCaGl2eZBJ,Buggin,27
556,2JrozyGS7r75L39rt3xoGx,spotify:track:2JrozyGS7r75L39rt3xoGx,Cherry Blue Intention,spotify:artist:2CYTLJOt91YLe1JLStFu6m,Special Interest,27
557,6aUOOz8yi26EOEy7ChtaNm,spotify:track:6aUOOz8yi26EOEy7ChtaNm,BACKSTABBER,spotify:artist:0AF9HrL08aOaZPsIiO8GmA,"Ergo, Bria",7
558,2LP4LllG0k6nSvAtbe60Xr,spotify:track:2LP4LllG0k6nSvAtbe60Xr,Change,spotify:artist:79yETfINxnDl54mTKLZUlb,Enumclaw,18
559,2hHLMZd2Jwg3ytJGxpN40m,spotify:track:2hHLMZd2Jwg3ytJGxpN40m,Alone In December,spotify:artist:7qh0Fzuz79iruogSwYTY3G,Hello Yello,11
560,7HJ6iRh7uQ2kC0WTfOo5ME,spotify:track:7HJ6iRh7uQ2kC0WTfOo5ME,Happier Still,spotify:artist:39cxr26gqrCiUgIkz4lA8j,Big Joanie,12
561,2YAZEyMTGG5T0bnCvdj02o,spotify:track:2YAZEyMTGG5T0bnCvdj02o,Monochrome,spotify:artist:1Qg99NvQcJaAMmmDl6nPRv,Jany Green,7
562,3Gwh2VbVdHbcc4zYdAugt5,spotify:track:3Gwh2VbVdHbcc4zYdAugt5,COOKIE,spotify:artist:1Hv9p9zMYy3gc2VWQfK5gg,FISHLORD,12
563,0e6cllU5p2HDCFm2cyKSai,spotify:track:0e6cllU5p2HDCFm2cyKSai,So Sentimental,spotify:artist:25I3ONjJhbX1mE62i57djG,WALWIN,10
564,6RYRFuYDMyJIzmzLprp9rZ,spotify:track:6RYRFuYDMyJIzmzLprp9rZ,Sitting on Ice,spotify:artist:6Jv3pqZlwHy3RlsfdBGbRc,psykhi,8
565,45t5U9tRXXYjp40w4PZpgU,spotify:track:45t5U9tRXXYjp40w4PZpgU,Body Language,spotify:artist:5ivuVlLA09RcBnLFkOza7C,Mint Green,24
566,1MyG8JxwY3hosoRPgpuWJ1,spotify:track:1MyG8JxwY3hosoRPgpuWJ1,try again,spotify:artist:1RZPdKEZaw9Mz2r0HNYiSw,Cam Kahin,11
567,6kEm8jmIdg1b8sguGAYqxI,spotify:track:6kEm8jmIdg1b8sguGAYqxI,FINALLY SOBER (ANGELS CALLING),spotify:artist:2mN6M9Kde408WNk0YrHnQn,Benjamin Carter,8
568,1B7XSl075FcGoHjnHMoiIK,spotify:track:1B7XSl075FcGoHjnHMoiIK,Ours,spotify:artist:2rFOTt38op2IreMwRrLc2f,Oarts,15
569,3VWAcQuJUg4MaxDJFylZ4i,spotify:track:3VWAcQuJUg4MaxDJFylZ4i,Red Is My Favorite Color,spotify:artist:5inrtHsPByV845LcC1mDmM,JULES IS DEAD,23
570,6znXPfipGONtr0rRwqyij0,spotify:track:6znXPfipGONtr0rRwqyij0,VEGAS DAYS,spotify:artist:1acX2jfBZ38KLMwFh3ldm7,Zhariah,7
571,5lWRaa0fBxDE5yU91npPq7,spotify:track:5lWRaa0fBxDE5yU91npPq7,Just A Girl,spotify:artist:0cQbJU1aAzvbEmTuljWLlF,No Doubt,73
572,7HdXRMw14roDx2a0COWk3M,spotify:track:7HdXRMw14roDx2a0COWk3M,This Is Why,spotify:artist:74XFHRwlV6OrjEM0A2NCMF,Paramore,63
573,09DR0sHnQUhHOiSNttc1mv,spotify:track:09DR0sHnQUhHOiSNttc1mv,Not Strong Enough,spotify:artist:1hLiboQ98IQWhpKeP9vRFw,boygenius,72
574,7L3b6iaVhDVjfo52Hbvh9Z,spotify:track:7L3b6iaVhDVjfo52Hbvh9Z,Edge of Seventeen - 2016 Remaster,spotify:artist:7crPfGd2k81ekOoSqQKWWz,Stevie Nicks,70
575,6pPWRBubXOBAHnjl5ZIujB,spotify:track:6pPWRBubXOBAHnjl5ZIujB,The Best,spotify:artist:1zuJe6b1roixEKMOtyrEak,Tina Turner,69
576,2Cdvbe2G4hZsnhNMKyGrie,spotify:track:2Cdvbe2G4hZsnhNMKyGrie,I Love Rock 'N Roll,spotify:artist:1Fmb52lZ6Jv7FMWXXTPO3K,Joan Jett & the Blackhearts,77
577,2lE7oRoKssULAtbWViL385,spotify:track:2lE7oRoKssULAtbWViL385,Hand in My Pocket - 2015 Remaster,spotify:artist:6ogn9necmbUdCppmNnGOdi,Alanis Morissette,69
578,7xdHw4C522RbsxHL9KD9L6,spotify:track:7xdHw4C522RbsxHL9KD9L6,Choreomania,spotify:artist:1moxjboGR7GNWYIMWsRjgG,Florence + The Machine,53
579,1YocvD67rXtMiItLFRXIbD,spotify:track:1YocvD67rXtMiItLFRXIbD,Hanging On The Telephone - Remastered,spotify:artist:4tpUmLEVLCGFr93o8hFFIB,Blondie,31
580,1PtQJZVZIdWIYdARpZRDFO,spotify:track:1PtQJZVZIdWIYdARpZRDFO,Running Up That Hill (A Deal With God),spotify:artist:1aSxMhuvixZ8h9dK9jIDwL,Kate Bush,79
581,0jWgAnTrNZmOGmqgvHhZEm,spotify:track:0jWgAnTrNZmOGmqgvHhZEm,What's Up?,spotify:artist:0Je74SitssvJg1w4Ra2EK7,4 Non Blondes,79
582,38bHLl4pznhxzRJLuw1OA7,spotify:track:38bHLl4pznhxzRJLuw1OA7,Barracuda,spotify:artist:34jw2BbxjoYalTp8cJFCPv,Heart,47
583,7EZC6E7UjZe63f1jRmkWxt,spotify:track:7EZC6E7UjZe63f1jRmkWxt,Zombie,spotify:artist:7t0rwkOPGlDPEhaOcVtOt9,The Cranberries,82
584,0COqiPhxzoWICwFCS4eZcp,spotify:track:0COqiPhxzoWICwFCS4eZcp,Bring Me To Life,spotify:artist:5nGIFgo0shDenQYSE0Sn7c,Evanescence,84
585,5xEM5hIgJ1jjgcEBfpkt2F,spotify:track:5xEM5hIgJ1jjgcEBfpkt2F,Complicated,spotify:artist:0p4nmQO2msCgU4IF37Wi3j,Avril Lavigne,81
586,4XRvI0XtqdOGYeC36VkbwA,spotify:track:4XRvI0XtqdOGYeC36VkbwA,All Comes Crashing,spotify:artist:1rCIEwPp5OnXW0ornlSsRl,Metric,44
587,2nNdrstKD15nN3xR0KspgS,spotify:track:2nNdrstKD15nN3xR0KspgS,Brass in Pocket - 2018 Remaster,spotify:artist:0GByy3DcfbQwDvXGCWmzv9,Pretenders,61
588,0lfPPoWG4b3OmhieJ2YDF0,spotify:track:0lfPPoWG4b3OmhieJ2YDF0,If It Makes You Happy,spotify:artist:4TKTii6gnOnUXQHyuo9JaD,Sheryl Crow,60
589,6kvoHl80mfCVTv7XnZkjQn,spotify:track:6kvoHl80mfCVTv7XnZkjQn,"It Must Have Been Love - From the Film ""Pretty Woman""",spotify:artist:2SHhfs4BiDxGQ3oxqf0UHY,Roxette,76
590,1xKQbqQtQWrtQS47fUJBtl,spotify:track:1xKQbqQtQWrtQS47fUJBtl,Piece of My Heart,spotify:artist:4J69yWrKwWJgjv3DKTZcGo,Big Brother & The Holding Company,64
591,23Llyuevgg4Dt5vNdZcEEf,spotify:track:23Llyuevgg4Dt5vNdZcEEf,Only Happy When It Rains - 2015 Remaster,spotify:artist:6S0GHTqz5sxK5f9HtLXn9q,Garbage,54
592,0XyjtybwqSdqMAFfBEkmZf,spotify:track:0XyjtybwqSdqMAFfBEkmZf,Rebel Girl,spotify:artist:0gvHPdYxlU94W7V5MSIlFe,Bikini Kill,53
593,0lIoY4ZQsdn5QzhraM9o9u,spotify:track:0lIoY4ZQsdn5QzhraM9o9u,Because the Night,spotify:artist:0vYkHhJ48Bs3jWcvZXvOrP,Patti Smith,65
594,3m2Zd230K68bC4Qe961d9p,spotify:track:3m2Zd230K68bC4Qe961d9p,Rid Of Me,spotify:artist:12VaqyEhgwDRuFfEqbnrpz,PJ Harvey,45
595,1300POeOaj8qho30FRHjgf,spotify:track:1300POeOaj8qho30FRHjgf,Cornflake Girl,spotify:artist:1KsASRNugxU85T0u6zSg32,Tori Amos,58
596,0JX23XA8E7aN1Chj32kgVn,spotify:track:0JX23XA8E7aN1Chj32kgVn,Spitting Off the Edge of the World,spotify:artist:3TNt4aUIxgfy9aoaft5Jj2,Yeah Yeah Yeahs,55
597,7ClwnN5j16cc6i5MqWFgHK,spotify:track:7ClwnN5j16cc6i5MqWFgHK,Broken Man,spotify:artist:7bcbShaqKdcyjnmv4Ix8j6,St. Vincent,40
598,7cdnq45E9aP2XDStHg5vd7,spotify:track:7cdnq45E9aP2XDStHg5vd7,Cherry Bomb,spotify:artist:5eTq3PxbOh5vgeRXKNqPyV,The Runaways,66
599,1KdwPeY1WRWQGHCmRJTveb,spotify:track:1KdwPeY1WRWQGHCmRJTveb,Cannonball,spotify:artist:1xgFexIwrf2QjbU0buCNnp,The Breeders,62
600,0nys6GusuHnjSYLW0PYYb7,spotify:track:0nys6GusuHnjSYLW0PYYb7,Chaise Longue,spotify:artist:2TwOrUcYnAlIiKmVQkkoSZ,Wet Leg,57
601,0mjOx4zUlL5t4rF1xnrfvi,spotify:track:0mjOx4zUlL5t4rF1xnrfvi,Smile,spotify:artist:3btzEQD6sugImIHPMRgkwV,Wolf Alice,48
602,18DJQsejI5e1ZwO2wyuP2g,spotify:track:18DJQsejI5e1ZwO2wyuP2g,Death by Rock and Roll,spotify:artist:2R57sY41L9XvGPiIgHOaYq,The Pretty Reckless,50
603,0ByTfwoYWdom6GlQ9BIdv2,spotify:track:0ByTfwoYWdom6GlQ9BIdv2,EAT ME (feat. Royal & the Serpent),spotify:artist:6S2OmqARrzebs0tKUEyXyp,Demi Lovato,51
604,1EQFOouqdKYdpbNoOHRVO2,spotify:track:1EQFOouqdKYdpbNoOHRVO2,abcdefu (angrier),spotify:artist:2VSHKHBTiXWplO8lxcnUC9,GAYLE,62
605,0uuxAXS1X7kH0WjC0nD6q9,spotify:track:0uuxAXS1X7kH0WjC0nD6q9,By The Time You're Reading This,spotify:artist:3Wcyta3gkOdQ4TfY0WyZpu,YONAKA,41
606,2bzUVEvpZ7At5cYz1kOLI9,spotify:track:2bzUVEvpZ7At5cYz1kOLI9,Gasoline (feat. Taylor Swift),spotify:artist:4Ui2kfOqGujY81UcPrb5KE,HAIM,56
607,2V4Bc2I962j7acQj1N0PiQ,spotify:track:2V4Bc2I962j7acQj1N0PiQ,Celebrity Skin,spotify:artist:5SHQUMAmEK5KmuSb0aDvsn,Hole,68
608,4hvCxgioUiT85MCgfIhDP3,spotify:track:4hvCxgioUiT85MCgfIhDP3,Too Close / Too Late,spotify:artist:4MzJMcHQBl9SIYSjwWn8QW,Spiritbox,52
609,671W1lZGS9LcyzkMCRK3ve,spotify:track:671W1lZGS9LcyzkMCRK3ve,Wireless,spotify:artist:3hE8S8ohRErocpkY7uJW4a,Within Temptation,50
610,1ZngTOTM9nWJZOnG3vWkUF,spotify:track:1ZngTOTM9nWJZOnG3vWkUF,GODDESS,spotify:artist:6oFs3qk4VepIVFdoD4jmsy,PVRIS,50
611,5Ng6UbryNd3eds2zQk9MUf,spotify:track:5Ng6UbryNd3eds2zQk9MUf,Spellbound,spotify:artist:1n65zfwYIj5kKEtNgxUlWb,Siouxsie and the Banshees,63
612,0vAGNjNpJhjZTxvtcGeAib,spotify:track:0vAGNjNpJhjZTxvtcGeAib,Broken Horses,spotify:artist:2sG4zTOLvjKG1PSoOyf5Ej,Brandi Carlile,43
613,1iOJzlWm2p8NOFYVHGGgq1,spotify:track:1iOJzlWm2p8NOFYVHGGgq1,Never Said - 2018 Remaster,spotify:artist:2LXeJdQVcFkhkWydphLI74,Liz Phair,36
614,0ABr9J6PURfUMOGwP8LI3h,spotify:track:0ABr9J6PURfUMOGwP8LI3h,Sink Ya Teeth,spotify:artist:15QhuBSLfDNECfF8wvxj0M,The Mysterines,36
615,3kYWrBoFBQGctF0UwgP8N1,spotify:track:3kYWrBoFBQGctF0UwgP8N1,Drain the Blood,spotify:artist:7MlyHuGRHi31yYlrttDqgT,The Distillers,52
616,0KJWZbtuvIdjal4URuxuPX,spotify:track:0KJWZbtuvIdjal4URuxuPX,Carsick,spotify:artist:0pCNk4D3E2xtszsm6hMsWr,K.Flay,36
617,4PDJDIdWxNN1AlnbrKkoPf,spotify:track:4PDJDIdWxNN1AlnbrKkoPf,Come Over (Again),spotify:artist:2xtmoxSauQs0TQFUoHmbfy,Crawlers,56
618,0SqZvFpQbApABMTzwQ4rXh,spotify:track:0SqZvFpQbApABMTzwQ4rXh,blindspot,spotify:artist:2cAXhrWAztXGwk6r15ibW2,Charlotte Sands,28
619,1RKP6D6QvUStrPP5TvPnXA,spotify:track:1RKP6D6QvUStrPP5TvPnXA,Always Get This Way,spotify:artist:2AmfMGi3WZMxqFDHissIAe,The Aces,34
620,68bkUm1FRsDXnGZOkXNTyR,spotify:track:68bkUm1FRsDXnGZOkXNTyR,u turn me on (but u give me depression),spotify:artist:5MjcGshMggPgIHinIUDaX0,LØLØ,56
621,6dS27nDWBxG9CHagUyq5j0,spotify:track:6dS27nDWBxG9CHagUyq5j0,Love Abuser (Save Me),spotify:artist:64EHXDoln95lnccszdPum0,Royal & the Serpent,43
622,1dxx2lYR9cBgd3ULMG3Pc9,spotify:track:1dxx2lYR9cBgd3ULMG3Pc9,The Rapture (but it’s Pink) [feat. Mothica],spotify:artist:6WandyxeDxlcOTwxtnTKP4,Scene Queen,41
623,2uRxPwcuZYBBimdQOCDkFc,spotify:track:2uRxPwcuZYBBimdQOCDkFc,Hole In My Head,spotify:artist:4yfPiAauSgUfyc4k4WtwM9,Laura Jane Grace,23
624,2yH6eL6f1Ada5MnmNpiPbr,spotify:track:2yH6eL6f1Ada5MnmNpiPbr,blindfolded,spotify:artist:6yhD1KjhLxIETFF7vIRf8B,Against The Current,47
625,6xHaeHANs3uH5qabszr3dX,spotify:track:6xHaeHANs3uH5qabszr3dX,Jealousy,spotify:artist:1oPEr1Ci8sWOYj8SSh2VPE,Siiickbrain,37
626,6KZS7UyCY1akaJGAp64Akl,spotify:track:6KZS7UyCY1akaJGAp64Akl,CASUALTY,spotify:artist:1JhiIIXT9DWqEU3BYFZwGA,MOTHICA,50
627,2ma25BxbSTq90j64a0SP60,spotify:track:2ma25BxbSTq90j64a0SP60,She’s So Cool (with Pale Waves),spotify:artist:5bRLeMl4Tnozmg9wR1pY7y,Bruses,34
628,6P6h9RdPJxPWqFqpLFIYA9,spotify:track:6P6h9RdPJxPWqFqpLFIYA9,The Wolf You Feed (feat. Alissa White-Gluz),spotify:artist:73GhYkwfPQzmfJb1cdPqPf,Nita Strauss,41
629,5iQrF3TEjpz2tBZed7Qy9N,spotify:track:5iQrF3TEjpz2tBZed7Qy9N,hostage,spotify:artist:0uGk2czvcpWQA383Im6ajf,Maggie Lindemann,48
630,77tCZA3Fnj8OEateXdr2l3,spotify:track:77tCZA3Fnj8OEateXdr2l3,Over The Threshold,spotify:artist:02nZLQtQ4vL5iHyp6atBrh,Calva Louise,28
631,1IcUvKPxQSbGCL4fhf0oaK,spotify:track:1IcUvKPxQSbGCL4fhf0oaK,Atonement,spotify:artist:4ZznAOb4aE3va5Jz1iDpjc,Conquer Divide,50
632,2Kgnj7OQEdaiFIayFmplKC,spotify:track:2Kgnj7OQEdaiFIayFmplKC,Haunt You Still,spotify:artist:13pYXGtaLO9d06VrXX4Aw0,Softcult,30
633,1tIGcUQ6KmEYJbn4iSIVsz,spotify:track:1tIGcUQ6KmEYJbn4iSIVsz,FCKN IN LOVE,spotify:artist:0mzTssRDPIQVH5wSNzOdFZ,Fefe Dobson,24
634,7yrYMaKFnsQlTvCUrxeLmQ,spotify:track:7yrYMaKFnsQlTvCUrxeLmQ,Lemonade,spotify:artist:2oVmQT6s29pVIKpqJkyxBS,Black Honey,30
635,4Xg1iXyfUL2pIVd5IpnSqD,spotify:track:4Xg1iXyfUL2pIVd5IpnSqD,Heroes,spotify:artist:589tFv4Vf1K27wpf0uWz2j,Dead Sara,41
636,1iK6objrHYqNj6TjFhbEKJ,spotify:track:1iK6objrHYqNj6TjFhbEKJ,100 Little Deaths,spotify:artist:2tMZ37dVy1DzZjXXCjhgFq,Lilith Czar,34
637,6XUBPgFdIlPKJtOGM4OLf6,spotify:track:6XUBPgFdIlPKJtOGM4OLf6,Leech,spotify:artist:2DaP4uXwKOXAaD77XokW9a,Dream Wife,19
638,2WEMin1qNkcJUtYiviSIka,spotify:track:2WEMin1qNkcJUtYiviSIka,Cover You,spotify:artist:2mAAO54PkHr3NjdlRpzEDl,Kelsy Karter & The Heroines,36
639,59gcuFEGvp32erxYFekyG4,spotify:track:59gcuFEGvp32erxYFekyG4,Hooves,spotify:artist:6rniTPs9zN26kYnkPdFl1U,Sir Chloe,42
640,6vitrLyJKoMUUC87JsgIAY,spotify:track:6vitrLyJKoMUUC87JsgIAY,x-ray eyes,spotify:artist:066X20Nz7iquqkkCW6Jxy6,LCD Soundsystem,55
641,5ONf8kAdBz9gmNxCDeV2Id,spotify:track:5ONf8kAdBz9gmNxCDeV2Id,Do Me A Favour,spotify:artist:5P1tdwsQdI6z9MXXfmYRDS,Field Music,16
642,6pmDHODsAiR8PZtlJZnJmC,spotify:track:6pmDHODsAiR8PZtlJZnJmC,Nature Boy,spotify:artist:4UXJsSlnKd7ltsrHebV79Q,Nick Cave & The Bad Seeds,44
643,43Yg5dz1OkeM88weT4ttt1,spotify:track:43Yg5dz1OkeM88weT4ttt1,Don’t Say It’s Over,spotify:artist:6ho33Vt1tjZyf8m7Z5NZhx,Gaz Coombes,30
644,7lo2Wos97Xq6DFHURcsxeQ,spotify:track:7lo2Wos97Xq6DFHURcsxeQ,St. Charles Square,spotify:artist:7MhMgCo0Bl0Kukl93PZbYS,Blur,37
645,4j3obTRIyR7QzvdeQz9vaO,spotify:track:4j3obTRIyR7QzvdeQz9vaO,Babies,spotify:artist:36E7oYfz3LLRto6l2WmDcD,Pulp,56
646,7C3spWvGOaxzAP7NM96R8O,spotify:track:7C3spWvGOaxzAP7NM96R8O,Two for His Heels,spotify:artist:1ZsnHGOLYFg8CAHQQBc1ut,Richard Hawley,19
647,3jEJQGprFXpeICSRtPKGDc,spotify:track:3jEJQGprFXpeICSRtPKGDc,I'm Losing More Than I'll Ever Have,spotify:artist:3wury2nd8idV4GecUg5xze,Primal Scream,33
648,1mSYUtXT32YJZg2cALSq0O,spotify:track:1mSYUtXT32YJZg2cALSq0O,NIGHT CRAWLING,spotify:artist:5MWBg16f5UYiaSlyVhzlIW,John Cale,16
649,6percMBXinlT4Bbfm0fMrt,spotify:track:6percMBXinlT4Bbfm0fMrt,Girl 71,spotify:artist:4rjlerN21ygkIhmUv55irs,The Jesus and Mary Chain,19
650,2WK1Qf0orCfuJcl1YPpSkw,spotify:track:2WK1Qf0orCfuJcl1YPpSkw,Wild Bird,spotify:artist:6OiHleP2bHM18dXq4aZQWt,The Coral,13
651,1TJmuC4kMe1ewZdybH159I,spotify:track:1TJmuC4kMe1ewZdybH159I,Bogus Operandi,spotify:artist:4DToQR3aKrHQSSRzSz8Nzt,The Hives,39
652,1AvavliFQoc2l0ZCCWa5VG,spotify:track:1AvavliFQoc2l0ZCCWa5VG,Slide Away - Remastered,spotify:artist:2DaxqgrOhkeH0fpeiQq2f4,Oasis,61
653,4ZxEF6c6dHYiRkGQjsZEY5,spotify:track:4ZxEF6c6dHYiRkGQjsZEY5,Loves Missing,spotify:artist:33EUXrFKGjpUSGacqEHhU4,Iggy Pop,33
654,7j5Q3zhjvpQvMeoPSZwdsa,spotify:track:7j5Q3zhjvpQvMeoPSZwdsa,Temptation,spotify:artist:0yNLKJebCb8Aueb54LYya3,New Order,54
655,6MUkmOa0a51JJbPEbaOIoS,spotify:track:6MUkmOa0a51JJbPEbaOIoS,I Ran Away,spotify:artist:267VY6GX5LyU5c9M85ECZQ,Dinosaur Jr.,26
656,5KIYVXGdws1ZhZYNJHo0st,spotify:track:5KIYVXGdws1ZhZYNJHo0st,The Modern Age - Rough Trade Version,spotify:artist:0epOFNiUfyON9EYx7Tpr6V,The Strokes,40
657,6q0JHhBfkVIDTvWo5uQJSc,spotify:track:6q0JHhBfkVIDTvWo5uQJSc,Personality Disorder,spotify:artist:6PHIK3kjWggLtVygsOtpqS,Suede,33
658,0NUvVHePKuwNd3dkVt2DGC,spotify:track:0NUvVHePKuwNd3dkVt2DGC,Spirit Power and Soul,spotify:artist:2bA2YuQk2ID3PWNXUhQrWS,Johnny Marr,30
659,6dgNSYxHgPruJtgISdi61C,spotify:track:6dgNSYxHgPruJtgISdi61C,Up the Bracket,spotify:artist:4fSPtBgFPZzygkY6MehwQ7,The Libertines,45
660,51TM4SSltkpKkL0ZlrpfCg,spotify:track:51TM4SSltkpKkL0ZlrpfCg,Remember We Were Lovers,spotify:artist:77aJXR27gzqvC7CEko5h3o,Bobby Gillespie,11
661,5TL5YGo0Lj8PgjgHoNIJDS,spotify:track:5TL5YGo0Lj8PgjgHoNIJDS,Get My Bearings,spotify:artist:6PBv8t9YTLggA9ZMwpeoqj,Joan As Police Woman,27
662,2xE7912IhBp4poxLjOS6WJ,spotify:track:2xE7912IhBp4poxLjOS6WJ,Just Another Rainbow,spotify:artist:6sN51vEARnAAdBw1IKZ8Q9,Liam Gallagher,42
663,0nuTaK1uPw4BP4ql1n8ypr,spotify:track:0nuTaK1uPw4BP4ql1n8ypr,Lavatory Lil (Josh Homme),spotify:artist:4STHEaNw4mPZ2tzheohgXB,Paul McCartney,22
664,5WyuRWUcOOhAic0tj9Pl28,spotify:track:5WyuRWUcOOhAic0tj9Pl28,Satellite of Love,spotify:artist:42TFhl7WlMRXiNqzSrnzPL,Lou Reed,55
665,02woI8r5xhxMt0ndiwytbJ,spotify:track:02woI8r5xhxMt0ndiwytbJ,Soul Wandering,spotify:artist:7Lf3LOZp3U3u2f6cWMd3AH,Paul Weller,21
666,4iXSEbAYfD0G4bqTkQCfSn,spotify:track:4iXSEbAYfD0G4bqTkQCfSn,I Can't Give Everything Away,spotify:artist:0oSGxfWSnnOXhD2fKuz2Gy,David Bowie,40
667,1gQOnWynwP1cPFNIh5D8sR,spotify:track:1gQOnWynwP1cPFNIh5D8sR,Carnage,spotify:artist:1RM5gp0RFfjpJhCYFPB30p,Nick Cave,43
668,6JvEXmRh3l2acBzvqavgT9,spotify:track:6JvEXmRh3l2acBzvqavgT9,Love Spreads,spotify:artist:1lYT0A0LV5DUfxr6doRP3d,The Stone Roses,54
669,4x4e63yL8r7tOFcZ0n6KHe,spotify:track:4x4e63yL8r7tOFcZ0n6KHe,Mandinka,spotify:artist:4sD9znwiVFx9cgRPZ42aQ1,Sinéad O'Connor,55
670,4RdqVrjTnuEms5pgKNG95q,spotify:track:4RdqVrjTnuEms5pgKNG95q,I'm A Man,spotify:artist:3n8qeKQViV1waeCzZmS4Tx,Kim Gordon,19
671,01fdJQg7hkJZV0PgXidvDG,spotify:track:01fdJQg7hkJZV0PgXidvDG,Take Me Avalon I'm Young,spotify:artist:4skJp5OKvcc9eKokiuhi2s,Pond,22
672,4DuJ3mgi1EtY2HflhJtW1N,spotify:track:4DuJ3mgi1EtY2HflhJtW1N,Broken Moments,spotify:artist:4xoV3kh3rwrWaPc17zyDyY,Barry Adamson,14
673,0jnFDxgNhS156vu6roUVco,spotify:track:0jnFDxgNhS156vu6roUVco,The Guns of Brixton - Remastered,spotify:artist:3RGLhK1IP9jnYFH4BRFJBS,The Clash,54
674,7iSRODrnBxxlyc93KkJj2Z,spotify:track:7iSRODrnBxxlyc93KkJj2Z,D.O.A.,spotify:artist:0EgHhNmWcjusA7F2heSD0O,Baxter Dury,21
675,49MrhOE34s3Nbuuiaqo6aT,spotify:track:49MrhOE34s3Nbuuiaqo6aT,"The Hardest Button to Button - Live at The Aragon Ballroom, July 2, 2003",spotify:artist:4F84IBURUo98rz4r61KF70,The White Stripes,22
676,0A5rw6qfy6wfwVL0QIKdfb,spotify:track:0A5rw6qfy6wfwVL0QIKdfb,Tuesday Morning,spotify:artist:2wzMOQwNT6ZvVB4amvhFAH,The Pogues,40
677,5K7zxhe7SYlptRV8KYzchZ,spotify:track:5K7zxhe7SYlptRV8KYzchZ,Linoleum Smooth to the Stockinged Foot - Single Version,spotify:artist:7cKtqv9cYVlOwnuCFH95ce,The The,21
678,2L5fTA7BBgL70AjMYq0sfI,spotify:track:2L5fTA7BBgL70AjMYq0sfI,Give It Up For Love,spotify:artist:3sFTupo9UGgrujjN21BjwR,Gossip,33
679,7ziicmUOzWXAkdPriOmFk9,spotify:track:7ziicmUOzWXAkdPriOmFk9,The Only One I Know,spotify:artist:5fScAXreYFnuqwOgBsJgSd,The Charlatans,56
680,5cSXn9ozPu3jNT2lxWLOCT,spotify:track:5cSXn9ozPu3jNT2lxWLOCT,Pumping on Your Stereo,spotify:artist:0sHeX8oQ6o7xic3wMf4NBU,Supergrass,49
681,41IubysSeDtIbadKQ1Sphr,spotify:track:41IubysSeDtIbadKQ1Sphr,Pretty Boy,spotify:artist:7sjttK1WcZeyLPn3IsQ62L,Noel Gallagher's High Flying Birds,47
682,35ISBknsCeZQtq66xABI9g,spotify:track:35ISBknsCeZQtq66xABI9g,Messy,spotify:artist:67FB4n52MgexGQIG8s0yUH,Lola Young,68
683,297PYWIVLP38C1a92ND8Kv,spotify:track:297PYWIVLP38C1a92ND8Kv,So Cold,spotify:artist:6O9vGMmTwzihULICPCsNf2,Balu Brigada,63
684,1p9pkUjr2UsP7G6wpr3dvJ,spotify:track:1p9pkUjr2UsP7G6wpr3dvJ,Come Alive,spotify:artist:1l9d7B8W0IHy3LqWsxP2SH,Phantogram,47
685,2dono2Koz7DEvGwxUsmMLq,spotify:track:2dono2Koz7DEvGwxUsmMLq,Linger - SiriusXM Session,spotify:artist:5b5bt4mZQpJMoCRbiQ7diH,Royel Otis,78
686,0KkCQEj9RMsgUfbVnOZzX8,spotify:track:0KkCQEj9RMsgUfbVnOZzX8,My Serotonin,spotify:artist:0yb46jwm7gqbZXVXZQ8Z1e,Bishop Briggs,49
687,0CxoJLHMOp7K87hKGGF8rM,spotify:track:0CxoJLHMOp7K87hKGGF8rM,Home,spotify:artist:52N3KGrTWDRhdQJrgBTofE,Good Neighbours,42
688,1Wi1XpdZzGVIdRTzlTrIEF,spotify:track:1Wi1XpdZzGVIdRTzlTrIEF,Soup,spotify:artist:0NB5HROxc8dDBXpkIi1v3d,Remi Wolf,66
689,6l6XVeeoTe3ggya4fLY8l8,spotify:track:6l6XVeeoTe3ggya4fLY8l8,A Tear in Space (Airlock),spotify:artist:4yvcSjfu4PC0CYQyLy4wSq,Glass Animals,67
690,2KejCKgm7l3uefW9cFt8cH,spotify:track:2KejCKgm7l3uefW9cFt8cH,Nightcall,spotify:artist:0UF7XLthtbSF2Eur7559oV,Kavinsky,74
691,2262bWmqomIaJXwCRHr13j,spotify:track:2262bWmqomIaJXwCRHr13j,Sailor Song,spotify:artist:1iCnM8foFssWlPRLfAbIwo,Gigi Perez,92
692,0UMGY9KzTESYGstyvypV6z,spotify:track:0UMGY9KzTESYGstyvypV6z,Nobody's Soldier,spotify:artist:2FXC3k01G6Gw61bmprjgqS,Hozier,60
693,3siwsiaEoU4Kuuc9WKMUy5,spotify:track:3siwsiaEoU4Kuuc9WKMUy5,No One Noticed,spotify:artist:2sSGPbdZJkaSE2AbcGOACx,The Marías,82
694,1BK1d7b9bhlbKpQPbYGsol,spotify:track:1BK1d7b9bhlbKpQPbYGsol,Silverlines - prod. Labrinth,spotify:artist:7AaGbSgUxJFuZ49VvclNH6,Damiano David,68
695,5UUttIrxWcB5IZER2LfQpl,spotify:track:5UUttIrxWcB5IZER2LfQpl,Pushing Daisies,spotify:artist:6P5NO5hzJbuOqSdyPB7SJM,Ashe,61
696,4WDzpyln8Ac9JbElIEv2bl,spotify:track:4WDzpyln8Ac9JbElIEv2bl,Automatic,spotify:artist:7sOR7gk6XUlGnxj3p9F54k,half•alive,57
697,2Lumsra3kuU61wXkEKzKaK,spotify:track:2Lumsra3kuU61wXkEKzKaK,Disco,spotify:artist:1gl0S9pS0Zw0qfa14rDD3D,Surf Curse,84
698,2CmhmWmCJiGoaN6JvVmM0M,spotify:track:2CmhmWmCJiGoaN6JvVmM0M,Along For The Ride,spotify:artist:0ZxZlO7oWCSYMXhehpyMvE,COIN,53
699,4Qf8HOtPqUC1tbPNgIKh3o,spotify:track:4Qf8HOtPqUC1tbPNgIKh3o,Panoramic View,spotify:artist:4njdEjTnLfcGImKZu1iSrz,AWOLNATION,51
700,72axgzzIesvooaE3TTjWKp,spotify:track:72axgzzIesvooaE3TTjWKp,Split Screen,spotify:artist:2qk9voo8llSGYcZ6xrBzKx,Kings of Leon,54
701,53OqecARVvVCUTjL1yg0sq,spotify:track:53OqecARVvVCUTjL1yg0sq,Audacious,spotify:artist:0XNa1vTidXlvJ2gHSsRi4A,Franz Ferdinand,54
702,6WTFHKrnZpwEBLRS10Ylqs,spotify:track:6WTFHKrnZpwEBLRS10Ylqs,misses,spotify:artist:6USv9qhCn6zfxlBQIYJ9qs,Dominic Fike,80
703,71dMjqJ8UJV700zYs5YZCh,spotify:track:71dMjqJ8UJV700zYs5YZCh,Super Breath,spotify:artist:6emHCSoB4tJxTVXakbrpPz,Karen O,56
704,1PIBxfR4k67snh0hUSgzPs,spotify:track:1PIBxfR4k67snh0hUSgzPs,Lost In Space,spotify:artist:7gP3bB2nilZXLfPHJhMdvc,Foster The People,52
705,6r2H9RQTO0F9fbbsUodbNP,spotify:track:6r2H9RQTO0F9fbbsUodbNP,Arrow,spotify:artist:0n94vC3S9c3mb2HyNAOcjg,The Head And The Heart,54
706,3Vr3zh0r7ALn8VLqCiRR10,spotify:track:3Vr3zh0r7ALn8VLqCiRR10,Stargazing,spotify:artist:3bO19AOone0ubCsfDXDtYt,Myles Smith,89
707,42LosPywlCAQnvtZf4hK46,spotify:track:42LosPywlCAQnvtZf4hK46,When the Light Goes (feat. Portugal. The Man),spotify:artist:2F7PtF4lRVIufJd6Sjud71,Marcin,51
708,3aQ9MHkMeL7Yu7jpyF62xn,spotify:track:3aQ9MHkMeL7Yu7jpyF62xn,Neverender,spotify:artist:1gR0gsQYfi6joyO1dlp76N,Justice,67
709,4fZ07aBMo69QTEKo4OC4Dz,spotify:track:4fZ07aBMo69QTEKo4OC4Dz,Up All Night (with The Lumineers & Noah Kahan),spotify:artist:4EzkuveR9pLvDVFNx6foYD,James Bay,66
710,3b1s3Ywg0laGsNHCpUBhrl,spotify:track:3b1s3Ywg0laGsNHCpUBhrl,Darkerside,spotify:artist:33NVpKoXjItPwUJTMZIOiY,David Kushner,69
711,5j99dfS5X643RxuJdyizt3,spotify:track:5j99dfS5X643RxuJdyizt3,GEMINI,spotify:artist:062tCT8GVioC9EMiI9jeOV,BLK ODYSSY,45
712,2UGWhW5YmrEDUDRB3H1fif,spotify:track:2UGWhW5YmrEDUDRB3H1fif,Little Chaos,spotify:artist:3ajf12ub55b51qcS94d9Co,Orla Gartland,46
713,38Cz00CoSHqfhlTrpRjAAf,spotify:track:38Cz00CoSHqfhlTrpRjAAf,"Sorry I'm Late, I Didn't Want To Come",spotify:artist:0Ya43ZKWHTKkAbkoJJkwIB,The Wombats,55
714,0REms6Av7SrnzBEKXwxUoB,spotify:track:0REms6Av7SrnzBEKXwxUoB,Cleats,spotify:artist:37M5pPGs6V1fchFJSgCguX,FINNEAS,62
715,56vEHHaPS9pz3rVODN6b1O,spotify:track:56vEHHaPS9pz3rVODN6b1O,Midwest,spotify:artist:0U7iI0Dk4Ojvi17nZboNO4,Vacations,50
716,3FW4X3cgPYtL7yla6YyPfu,spotify:track:3FW4X3cgPYtL7yla6YyPfu,STRANGE FRIENDS,spotify:artist:5Ljgq0b8I3YkUwp3gtB1wm,little image,41
717,0mlNG5Y6e05ibV4grRVyr9,spotify:track:0mlNG5Y6e05ibV4grRVyr9,Something In The Air,spotify:artist:5PAOxo6t7il1UN7HFurcph,Lauren Mayberry,24
718,1x1z2qHf13S4nD4ozEEH02,spotify:track:1x1z2qHf13S4nD4ozEEH02,Rodeo Clown,spotify:artist:7FKTg75ADVMZgY3P9ZMRtH,flipturn,56
719,3CTBfot80XAOyuaJ1jcN5z,spotify:track:3CTBfot80XAOyuaJ1jcN5z,She Wants To Go Dancing,spotify:artist:69tiO1fG8VWduDl3ji2qhI,Mt. Joy,64
720,64fFsjcOMJcHNfpeqMx1w7,spotify:track:64fFsjcOMJcHNfpeqMx1w7,Champagne,spotify:artist:2D4FOOOtWycb3Aw9nY5n3c,Declan McKenna,53
721,2zs0Oae871mUHpS0iOMJ7O,spotify:track:2zs0Oae871mUHpS0iOMJ7O,Afterlife,spotify:artist:2wJ4vsxWd7df7dRU4KcoDe,Sharon Van Etten,54
722,7Kzy7StKclwXPJWFIJ7l1X,spotify:track:7Kzy7StKclwXPJWFIJ7l1X,In The Living Room,spotify:artist:4NZvixzsSefsNiIqXn0NDe,Maggie Rogers,65
723,2OiJ2pEQlLPnOywokPkG4N,spotify:track:2OiJ2pEQlLPnOywokPkG4N,Peaceful Place,spotify:artist:3qnGvpP8Yth1AqSBMqON5x,Leon Bridges,57
724,6P3BLSxIWbcWF8cNkimmLy,spotify:track:6P3BLSxIWbcWF8cNkimmLy,Am I Your Girl,spotify:artist:6fC2AcsQtd9h4BWELbbire,Peach Pit,56
725,6yuBDYdORL4p8gQZYpGz3a,spotify:track:6yuBDYdORL4p8gQZYpGz3a,Tangerine,spotify:artist:18lpwfiys4GtdHWNUu9qQr,Ocean Alley,59
726,36wxxeCHvKWpTYfNQGkiZW,spotify:track:36wxxeCHvKWpTYfNQGkiZW,Drawbridge & The Baroness,spotify:artist:7EQ0qTo7fWT7DPxmxtSYEc,Bastille,55
727,58VHR19NNpBFrrL2PP06Wv,spotify:track:58VHR19NNpBFrrL2PP06Wv,Yoke (with Julien Baker),spotify:artist:3C6wmSgnZuqxVQyBWujBsn,Medium Build,52
728,4JRiNpQ0VpEfxUxEkniq22,spotify:track:4JRiNpQ0VpEfxUxEkniq22,She Cleans Up,spotify:artist:2kGBy2WHvF0VdZyqiVCkDT,Father John Misty,46
729,63ABAnFKJCp28TAyqf2cGL,spotify:track:63ABAnFKJCp28TAyqf2cGL,ROCKMAN,spotify:artist:7tr9pbgNEKtG0GQTKe08Tz,Mk.gee,65
730,1z1eqJLRuLR14DIGpgTLeP,spotify:track:1z1eqJLRuLR14DIGpgTLeP,Winter Baby / New Jersey Blues,spotify:artist:12Zk1DFhCbHY6v3xep2ZjI,070 Shake,54
731,5SMydTMtNUn7h1hKNtclV1,spotify:track:5SMydTMtNUn7h1hKNtclV1,Hold You (Responsible),spotify:artist:6A43Djmhbe9100UwnI7epV,CAKE,42
732,0s5CpCxuZnyITiWTuSWmxI,spotify:track:0s5CpCxuZnyITiWTuSWmxI,Say Goodbye To Mum And Dad,spotify:artist:4bthk9UfsYUYdcFyqxmSUU,Tears For Fears,50
733,6ZiETe7uxVBocdajCwhAHn,spotify:track:6ZiETe7uxVBocdajCwhAHn,Brand New,spotify:artist:1btWGBz4Uu1HozTwb2Lm8A,Hippo Campus,48
734,5q1Zaz0jxxPPrU67ddj0us,spotify:track:5q1Zaz0jxxPPrU67ddj0us,Colourblind,spotify:artist:2uRvlfS3M0Fix0OdsEzSw8,daydreamers,41
735,6a2HBMpj2G2wXSrgBl9ZNT,spotify:track:6a2HBMpj2G2wXSrgBl9ZNT,New York,spotify:artist:27tsCOGutD6wmFnv4eKWMp,Junior Varsity,47
736,4gGh7b3nKa4rlxyPLWcfTd,spotify:track:4gGh7b3nKa4rlxyPLWcfTd,Waxwing,spotify:artist:5eUda4BaWhUQWWJiP1ml5v,Sorry,45
737,6vBlEMm5JlUVZok4pfVjlu,spotify:track:6vBlEMm5JlUVZok4pfVjlu,Metalhead,spotify:artist:6LhbOssuAbrXa5Wzcskhhw,urika's bedroom,36
738,4DM5CmW7odKbUlMDAQC1ci,spotify:track:4DM5CmW7odKbUlMDAQC1ci,Superfan,spotify:artist:0ZUvK7zGdXLd78mQr3t1Tw,Ricky Montgomery,47
739,6qxmMJHgNQIhkElzO7yiLq,spotify:track:6qxmMJHgNQIhkElzO7yiLq,Condensation,spotify:artist:04JIxSs2P0iteVWtaskfeh,Sports Team,39
740,5suIFrXr4gXhpEzFNjej85,spotify:track:5suIFrXr4gXhpEzFNjej85,feel like home,spotify:artist:6trIghKwHRUyxwvm66HLHH,Fousheé,46
741,5nClRNXw6qsqQZjOVd6XIg,spotify:track:5nClRNXw6qsqQZjOVd6XIg,Car Wreck (feat. Have a Nice Life),spotify:artist:3ViZST9PgFoieuOHY2GZMp,Bear Hands,34
742,0aGJkwtYb5DAJjpIAZ8lmZ,spotify:track:0aGJkwtYb5DAJjpIAZ8lmZ,Glimpse,spotify:artist:1WvvwcQx0tj6NdDhZZ2zZz,Future Islands,49
743,0lHhXRTL75X5fDN9VsIH72,spotify:track:0lHhXRTL75X5fDN9VsIH72,Wet,spotify:artist:58jk0945bnQBG9xfij6hHw,Annie DiRusso,38
744,7MarkM3buE9DyaEZ59b7vy,spotify:track:7MarkM3buE9DyaEZ59b7vy,Defense,spotify:artist:1R84VlXnFFULOsWWV8IrCQ,Panda Bear,51
745,3NMXHkEhxF2ijm2KC0wHKU,spotify:track:3NMXHkEhxF2ijm2KC0wHKU,Slugger,spotify:artist:4pdoRs7yHNXakMobf8M9Oz,SASAMI,46
746,2DpaLvk9AOPSSQhlcepetR,spotify:track:2DpaLvk9AOPSSQhlcepetR,Watch The Fire,spotify:artist:4ERtgeBbWRkFzIz6LaFCeY,Dashboard Confessional,47
747,4OOhZ02Ec4XBcFVSNJdeDk,spotify:track:4OOhZ02Ec4XBcFVSNJdeDk,Same (with The Maine),spotify:artist:2CimT0aCxKVuJsKPVLG0j5,Katastro,43
